"id","tweet_id","candidate","name","tweet_created","tweet_location","user_timezone","retweet_count","sentiment","quote_sentiment","general_tone","text","",""
"30001","ID708156819756163072","Donald Trump","Mariasol","3/11/2016 0:05","none","none","75","Positive","Positive","Negative","RT @steph93065: These people are a joke. Donald Trump is the only authentic candidate ?? #Trump2016 #GOPDebate @CarmineZozzora","",""
"30002","ID708178427535175680","Donald Trump","AllyChat","3/11/2016 1:31","Not With Trump","Arizona","0","Negative","Negative","Negative","Trump fans applaud their hero's ""tough talk"" but get offended when I do same on Twitter. Sad. #NeverTrump #GOPDebate","",""
"30003","ID708143933155463168","Donald Trump","0xdeadb?be","3/10/2016 23:14","Inwood 207 St","Eastern Time (US & Canada)","8","Negative","Negative","Negative","RT @LucyStag: It's genuinely skin-crawling how Trump refuses to say that his supporters shouldn't be violent. #gopdebate","",""
"30004","ID708145761960079360","Donald Trump","Chidike Okeem","3/10/2016 23:21","Dallas, TX","Central Time (US & Canada)","6","Negative","Negative","Negative","RT @TheValuesVoter: @VOICEOFCHID Asking Trump a detailed question is like asking Stevie Wonder ""What color is this dress?"" #GOPDebate https","",""
"30005","ID708253303298252800","Donald Trump","Sweet Sabina","3/11/2016 6:28","USA","Hawaii","157","Negative","Negative","Negative","RT @KatiePavlich: Palestinian terrorists/Authority celebrated the murder of American Taylor Force in the streets, Trump wants to negotiate ","",""
"30006","ID708270964728061952","Donald Trump","Franklin-Maximus","3/11/2016 7:38","New York, USA","none","149","Negative","Negative","Negative","RT @thehill: Trump: I use visas that are ""very bad"" for American workers https://t.co/p8wUCnEfm0 #GOPdebate https://t.co/IL2KSc0HVV","",""
"30007","ID708141020307849216","Donald Trump","jbird","3/10/2016 23:02","Colorado","Mountain Time (US & Canada)","0","Neutral","Neutral","Neutral","Trump is campaigning for his sister for SCOTUS in his closing remarks. #GOPDebate","",""
"30008","ID708147428059435008","Ted Cruz","Toni","3/10/2016 23:27","none","Quito","4","Neutral","Neutral","Neutral","RT @dawngpsalm63: #CNNDebate #GOPDebate #Cruz #NAU #Florida #Ohio #Primary Watch VIP ?????????????? https://t.co/1JOlEbOl14","",""
"30009","ID708151147584946176","Donald Trump","GoldNews","3/10/2016 23:42","Global","Eastern Time (US & Canada)","134","Neutral","Positive","Positive","RT @USATODAY: Trump: We'll build factories here and make our own products. That's the way it should be done. #GOPDebate","",""
"30010","ID708366514638839808","Ted Cruz","Jake Braunger","3/11/2016 13:58"," Denver, Iowa, Seattle, D.C.","Central Time (US & Canada)","184","Negative","Negative","Negative","RT @HEELZiggler: No matter what points Cruz makes, he just comes off as a hall monitor, who tells the teacher who was bad, while she was ou","",""
"30011","ID708327509612335105","Donald Trump","Chris Clements","3/11/2016 11:23","none","none","1","Neutral","Neutral","Negative","RT @frogmorton: I'd be OK if Trump outlawed all hooting, and possibly all hollering. #GOPDebate","",""
"30012","ID708143795250929664","Ted Cruz","#CruzCrew","3/10/2016 23:13","Texas","Mountain Time (US & Canada)","41","Neutral","Neutral","Neutral","RT @mrctv: WATCH: Sen. Ted Cruz calls for ObamaCare repeal in closing statement. #TTT16 GOPDebate https://t.co/loCfR4Ssd4","",""
"30013","ID708141855058186240","Ted Cruz","Freeda?","3/10/2016 23:05","none","none","118","Positive","Positive","Positive","RT @ChuckNellis: Ted Cruz had an AWESOME factual, policy based #GOPDebate! If you want our next Ronald Reagan LEADER I introduce you to @Te","",""
"30014","ID708174272594751489","Donald Trump","pamela oberfeld","3/11/2016 1:14","nyc, michigan","Eastern Time (US & Canada)","311","Negative","Negative","Negative","RT @stephenfhayes: Trump on Middle East conflict: ""I was the Grand Marshal of the Israeii Day parade, down 5th Avenue."" #embarrassing #GOPd","",""
"30015","ID708169667559358464","Ted Cruz","#AlwaysTrump-Kathy","3/11/2016 0:56","USA","Eastern Time (US & Canada)","12","Negative","Negative","Negative","RT @_Teufelshunde: Ted Cruz Is Now Auto Recall. Anytime I Hear Or See Him The Immediate Image Is: Sleazy Televangelist #GOPDebate https://t","",""
"30016","ID708147231887523840","Donald Trump","John David","3/10/2016 23:27","none","Mountain Time (US & Canada)","0","Positive","Positive","Positive","Um..ummm  Attention: @AmbJohnBolton The most Presidential candidate on the #GOPDebate #NeverHillary @gop @nro #trump https://t.co/JVrxKHAuQe ","",""
"30017","ID708145174786940928","Donald Trump","Vote For Trump","3/10/2016 23:19","On the #TrumpTrain","Pacific Time (US & Canada)","217","Positive","Positive","Positive","RT @Veteran4Trump: Trump is the only candidate that remembers! Don't be fooled America. Trump is our last hope for Security #GOPDebate http","",""
"30018","ID708166288133083136","Donald Trump","Bill","3/11/2016 0:42","Phoenix, AZ","Arizona","755","Neutral","Neutral","Negative","RT @guypbenson: ""I beat Hillary in many of the polls."" - Trump at #GOPDebate The polls: https://t.co/7sWHYOBtVv""","",""
"30019","ID708314339325816833","Donald Trump","Robyn van Eck","3/11/2016 10:31","Texas","none","520","Negative","Negative","Negative","RT @JesseKellyDC: If you're watching this debate and think Trump is the best candidate on that stage then you need professional help. #GOPD","",""
"30020","ID708143155909013504","Ted Cruz","Just Ann American","3/10/2016 23:10","none","Central Time (US & Canada)","8","Negative","Negative","Negative","RT @My3Alexandra: #GOPDebate Everything Cruz wants to do on day one are impeachable offenses #Pleaseproceed","",""
"30021","ID708149869928693760","Donald Trump","Joseph W","3/10/2016 23:37","none","Eastern Time (US & Canada)","57","Neutral","Neutral","Neutral","RT @Ricky_Vaughn99: Okay, so even though @jaketapper tried to stump Trump he was much fairer and more respectable than @megynkelly. #GOPDeb","",""
"30022","ID708325065788497920","Donald Trump","TrumpForce1","3/11/2016 11:13","none","none","658","Positive","Positive","Positive","RT @WesleyRickard: Kid Rock Singer Songwriter Endorses Donald J Trump for President #NC #FL #OH #MO #IL #DC #CA #GOP #FOX #GOPDebate https:","",""
"30023","ID708164928767561728","Ted Cruz","laura","3/11/2016 0:37","none","none","197","Negative","Negative","Negative","RT @lexi4prez: Cruz going on and on about less government being wonderful and great....until it's about abortion and gay marriage. #GOPDeba","",""
"30024","ID708306009899409409","Donald Trump","CRUZIN2016","3/11/2016 9:58","Louisiana, USA","none","178","Negative","Negative","Negative","RT @stephenfhayes: Trump, pressed for details on his ""waste, fraud & abuse"" Social Sec dodge, instead lists countries (to waste time), talk","",""
"30025","ID708141041740722176","Donald Trump","Nina","3/10/2016 23:02","Transplanted to Texas","Central Time (US & Canada)","0","Negative","Negative","Negative","Love how Trump eventually takes talking points from other candidates.  #GOPDebate","",""
"30026","ID708145995742208000","Donald Trump","On My High Horse","3/10/2016 23:22","Raleigh, NC ","Eastern Time (US & Canada)","26","Negative","Negative","Negative","RT @BigHeadSports: I have to hand it to Trump. For a Democrat, he's not doing terrible at the #GOPDebate","",""
"30027","ID708154386938204160","Donald Trump","jim doherty","3/10/2016 23:55","nyc","none","20","Positive","Positive","Positive","RT @JLQ4TRUMP: @CNNPolitics @TheresaMechele of course it's true #GOPDebate #CNNDebate #Trump is the only one who speaks the truth https://t","",""
"30028","ID708144295727894528","Donald Trump","Cincinnatus","3/10/2016 23:15","USA","Central Time (US & Canada)","1","Negative","Negative","Negative","Great #GOPDebate? No circus of nastiness for ratings. Good questions and answers. #Trump for the first time said The Constitution. #TCOT","",""
"30029","ID708252383227351040","Donald Trump","Jeff","3/11/2016 6:25","none","Pacific Time (US & Canada)","12","Negative","Negative","Negative","RT @HavanaTed: With all due respect to Donald Trump, there is no bigger clown in America than @Reince. #GOPDebate","",""
"30030","ID708189045579362304","Donald Trump","Kimber130","3/11/2016 2:13","none","none","41","Negative","Negative","Negative","RT @MTP: New NBC/WSJ Poll: Trump's favorability rating is among the lowest in the history of pres. candidates. https://t.co/D52C4YUzP4 #GOP","",""
"30031","ID708296290694782976","Donald Trump","UglyButler","3/11/2016 9:19","none","Casablanca","39","Negative","Negative","Negative","RT @imfabulous13: Disney workers endorsed Trump only because they think he is a cartoon character. #GOPDebate #CNNDebate https://t.co/mTkpt","",""
"30032","ID708256668056813569","Ted Cruz","First State","3/11/2016 6:42","Utah, USA","none","101","Neutral","Neutral","Neutral","RT @trendincontent: Cruz: I'm fine with contested convention https://t.co/khnKwgR6eA #GOPDebate https://t.co/uk8rajOn71","",""
"30033","ID708270336148688896","Donald Trump","June","3/11/2016 7:36","Vero Beach, FL","none","14","Positive","Positive","Positive","RT @FriendlyJMC: #Trump #GOPDebate The GOP has ONE candidate pulling in new voters that can beat Hillary: https://t.co/Qv34MVBI62","",""
"30034","ID708416617030492161","Donald Trump","Kathleen Svagdis","3/11/2016 17:17","none","none","0","Positive","Positive","Negative","FL OurPrinciplesPAC anti-Trump ads false-Trump followed law for workers-change the law as he said in #GOPDebate LIES he did NOT pay $1M fine","",""
"30035","ID708146271417032704","Donald Trump","Krystle J","3/10/2016 23:23","Weed State #1","Pacific Time (US & Canada)","29","Negative","Negative","Negative","RT @Wonkette: How many justices does Trump think are going to die? And which one is he going to have killed? Is it Roberts? We bet it's Rob","",""
"30036","ID708141318011293696","Donald Trump","Victoria Hudson","3/10/2016 23:03","Waterbury Center, VT","none","42","Negative","Negative","Negative","RT @CNNMoney: The truth behind Donald Trump's 'self funding' https://t.co/rZ3HD8G04b #GOPDebate https://t.co/0AMR28yc9I ","",""
"30037","ID708141091309166592","Donald Trump","Right Wing Watch","3/10/2016 23:02","Washington, DC","Eastern Time (US & Canada)","8","Neutral","Neutral","Negative","Trump: ""It will take centuries to recover"" if a Democratic president appoints the next Supreme Court justices #GOPDebate","",""
"30038","ID708269915501895681","Donald Trump","ALICE KOBULINSKY","3/11/2016 7:34","florida","none","105","Negative","Negative","Negative","RT @ToddHagopian: Could someone PLEASE count how many times #Trump has said ""deal"" in the debate? This guy knows NOTHING about policy! #GO","",""
"30039","ID708408525656080385","Donald Trump","National Voting Day","3/11/2016 16:45","none","none","0","Negative","Negative","Negative",".@RealDonaldTrump #Trump2016 The #KingofLosers: #GOPDebate: Another Loser: Trump Payroll Chicago LLC","",""
"30040","ID708337933351170048","Donald Trump","Hoover Institution","3/11/2016 12:04","Stanford University","Pacific Time (US & Canada)","2","Negative","Negative","Negative","RT @hooverwhalen: New to my @Forbes blog: #GOPDebate shows us that #Trump makes for ho-hum television . . .when he stops being #Trump. http","",""
"30041","ID708151200554885121","Donald Trump","Terry A","3/10/2016 23:42","Floida","Eastern Time (US & Canada)","3","Negative","Negative","Negative","RT @laniar: CNN quotes Trump essentially inciting violence, he blames the protesters. Classy af. #GOPdebate","",""
"30042","ID708291638993526784","Ted Cruz","FactCheck.org","3/11/2016 9:01","Philadelphia","Eastern Time (US & Canada)","36","Negative","Negative","Negative","Cruz attacked Obama for returning Churchill bust to UK when he took office. But it was loaned to Bush. https://t.co/NfNXsGBqtL #GOPDebate","",""
"30043","ID708142496358993925","Donald Trump","Ankit Panda","3/10/2016 23:08","Chengdu Research Base (jk NYC)","Eastern Time (US & Canada)","5","Negative","Negative","Negative","Things Donald Trump and Deng Xiaoping would agree on: #NAME? ""-Tiananmen Square was a """"riot."""""" #GOPDebate","",""
"30044","ID708290785276465157","Donald Trump","Martine","3/11/2016 8:57","none","Eastern Time (US & Canada)","214","Positive","Positive","Negative","RT @cnnbrk: Trump: I haven't even started on Clinton yet. #GOPDebate https://t.co/yjvGhspqVi","",""
"30045","ID708141037877747712","Donald Trump","matthaertner","3/10/2016 23:02","Austin, TX","Central Time (US & Canada)","0","Negative","Negative","Negative","How long does Trump think people live? #GOPDebate #centuries","",""
"30046","ID708150220228599812","Donald Trump","#BusTed (DoT)","3/10/2016 23:39","Midgard","Eastern Time (US & Canada)","29","Positive","Positive","Positive","RT @TeresaC85469500: #GOPDebate Only Trump has done deals risking his own assets on a World Stage! The rest use Our money without risk! #V","",""
"30047","ID708141502103482368","Donald Trump","matty ice","3/10/2016 23:04","Montreal, Quebec, Canada","Central Time (US & Canada)","0","Negative","Negative","Negative","""Do you think it played to your advantage?"" Trump: Sure did, I fooled all those fuckers. #GOPDebate""","",""
"30048","ID708145740036460544","Donald Trump","CAPT. JAKY ANONYMOUS","3/10/2016 23:21","SOMEWHERE IN THE SKY ABOVE","Eastern Time (US & Canada)","1","Negative","Negative","Negative","RT @JoniBarth1: I am more than a little worried that the ""good deal ""Donald Trump wants from Cuba is a good hotel deal. #NotTrump #GOPDebate","",""
"30049","ID708145814749614080","Donald Trump","varifrank","3/10/2016 23:21","38.7758228 -121.2994642","Pacific Time (US & Canada)","24","Neutral","Neutral","Neutral","RT @ArthurSchwartz: Trump: ""The Republican party has a great chance to embrace . . . people that it's never known before. Yes, like Dona","",""
"30050","ID708363708993564673","Donald Trump","Tim Gradous","3/11/2016 13:47","Home of MASTERS ??","none","39","Negative","Negative","Negative","RT @Ryan__Hyman: Here's the problem: Trump WAS civil tonight. He still lacks substance & I worry when his regular, uncivil self will resurf","",""
"30051","ID708143619157286913","Donald Trump","Delynn B","3/10/2016 23:12","Middle of America","Central Time (US & Canada)","364","Negative","Negative","Negative","RT @MattWalshBlog: Trump is the ""outsider"" candidate who constantly points out how he's exploited the political system his whole life #GOPD","",""
"30052","ID708316507483217921","Donald Trump","RebeccaB","3/11/2016 10:39","Houston","none","32","Negative","Negative","Negative","RT @AmandaPresto: Hahahahahah Trump: I'm the most pro-Israel on the stage bc I was in a parade once. #GOPdebate","",""
"30053","ID708154401228251136","Donald Trump","David Giffin","3/10/2016 23:55","Not really sure anymore","Eastern Time (US & Canada)","1","Negative","Negative","Negative","RT @snleanza95: Literally every Trump line: I know how to use the laws to my advantage, because I'm a con-man. #GOPDebate #tccus","",""
"30054","ID708408824718172160","Donald Trump","Patricia McMillan","3/11/2016 16:46","Indiana, USA","none","107","Positive","Positive","Positive","RT @DonaldTrumpLA: Donald J. Trump called for more respect for American law enforcement. #GOPDebate. He is good for USA https://t.co/cnGxU2","",""
"30055","ID708316470950821888","Donald Trump","Stocks N Blonds","3/11/2016 10:39","none","none","103","Positive","Positive","Positive","RT @Ricky_Vaughn99: TRUMP DOMINATES DRUDGE POLL AFTER MIAMI #GOPDebate https://t.co/uPmwMUwt8z","",""
"30056","ID708140649774645248","Ted Cruz","Belleartiste","3/10/2016 23:01","Dallas, Texas","Central Time (US & Canada)","214","Negative","Negative","Negative","RT @LindaSuhler: Aw, Ted. Your vindictiveness is NOT playing well tonight. #LyingTed Cruz. (And he gave us his website for $$$) #GOPDebate","",""
"30057","ID708418499367010309","Donald Trump","HappyPurpleMeatballs","3/11/2016 17:25","St Petersburg, FL","none","30","Positive","Positive","Positive","RT @hectormorenco: Trump coalition is mostly working class Americans. Great to see new life, new ideas, and new voters in GOP. #GOPDebate","",""
"30058","ID708141867523829760","Donald Trump","S. Stanley","3/10/2016 23:05","N. Florida","Eastern Time (US & Canada)","9","Negative","Negative","Negative","RT @rumpfshaker: So, journalists aren't going to ask Trump about one of their own being assaulted? Lame. #GOPDebate #FireCorey","",""
"30059","ID708153495698821120","Donald Trump","TRUMP FOR PRESIDENT","3/10/2016 23:52","United States","Central Time (US & Canada)","38","Neutral","Negative","Neutral","RT @FrankLuntz: Trump's Muslim comments are winning over conservatives but not moderates.  #GOPDebate","",""
"30060","ID708175774088454144","Donald Trump","Madison","3/11/2016 1:20","USA","none","37","Positive","Positive","Negative","RT @OrigIntent: Poor #Beck. His own poll shows #Trump won #GOPDebate. @LindaSuhler @Lrihendry @mjgranger1 @TrumpMyPres @slone https://t.co","",""
"30061","ID708265673038929920","Ted Cruz","Lee","3/11/2016 7:17","Florida, USA","none","35","Negative","Negative","Negative","RT @misterdish69: #GOPDebate #Dobbs Exactly, Cruz baited him, he showed class. Although he could have mentioned all the ideas were his http","",""
"30062","ID708251118959255556","Donald Trump","Kasim Arman Ul-Haq","3/11/2016 6:20","England","none","224","Negative","Negative","Negative","RT @YourAnonNews: Trump celebrating police brutality, wild applause #GOPDebate","",""
"30063","ID708147406601322496","Donald Trump","Christie Davis","3/10/2016 23:27","none","none","29","Positive","Positive","Positive","RT @K1erry: Trump gives a good closing praising his supporters and how they love their country. Embrace these people! And unify #GOPDebate","",""
"30064","ID708288020097736704","Donald Trump","mukisa","3/11/2016 8:46","New Hampshire, USA","Pacific Time (US & Canada)","83","Neutral","Negative","Negative","RT @pollreport: PRESIDENT Hillary Clinton (D) 51% Donald Trump (R) 38% (NBC/WSJ Poll, RV, 3/3-6) Details & trend: https://t.co/v6fZ17B6VJ #","",""
"30065","ID708155122233294848","Ted Cruz","sassygirl","3/10/2016 23:58","none","none","48","Neutral","Neutral","Negative","RT @nypost: Cruz: ""Donald, you are welcome to be president of the Smithsonian...."" #GOPDebate https://t.co/bi25U9Q46b","",""
"30066","ID708152594066186240","Donald Trump","Jimmy Inga","3/10/2016 23:48","Woodbridge, VA","Eastern Time (US & Canada)","785","Negative","Negative","Negative","RT @ajplus: #GOPDebate: Trump says most Muslims hate America. @sbarakat210 says this kind of rhetoric provokes violence: https://t.co/w47","",""
"30067","ID708159078527176705","Donald Trump","Luke Allen","3/11/2016 0:14","Burbank, CA ","Pacific Time (US & Canada)","0","Positive","Positive","Positive","Me and arthur are rooting for you @realDonaldTrump @arthurallen34 #trump #election #GOPDebate","",""
"30068","ID708250501792579584","Donald Trump","Jerry Ross","3/11/2016 6:17","none","America/Detroit","1","Negative","Negative","Negative","RT @SteveVaughn: If you don't like Donald Trump's stand on an issue, wait about a half hour. It will change. #CNNDebate #GOPDebate","",""
"30069","ID708161567171305472","Ted Cruz","Sarah Bentley","3/11/2016 0:24","none","Pacific Time (US & Canada)","31","Negative","Negative","Negative","Ted Cruz was a rabid dog tonight. Not exactly words that anyone would cross over to him for. His insults and lies were desperate. #GOPDebate","",""
"30070","ID708468081409048577","Donald Trump","Tar&Feathers","3/11/2016 20:42","future refugee safe zone","none","42","Negative","Negative","Negative","RT @Shooters_Wife: .@glennbeck: Regarding Cuba: There is no principle that Donald Trump isn't willing to violate. #GOPDebate #CharacterMa","",""
"30071","ID708208488615272448","Donald Trump","Dana","3/11/2016 3:30","Washington, USA","none","1","Neutral","Positive","Positive","RT @BigHoner: Trump: we have to knock out ISIS, knock them out fast, then get back home and rebuild our country because it is falling apart","",""
"30072","ID708323406509248512","Ted Cruz","Tierrah","3/11/2016 11:07","Arkansas","Central Time (US & Canada)","90","Negative","Negative","Negative","RT @KLSouth: #Cruz's lies appear pathological. At #GOPdebate he said he didn't want a contested convention. Here's the truth. https://t.co/","",""
"30073","ID708193485740859392","Donald Trump","Matthew?","3/11/2016 2:30","none","none","13","Negative","Negative","Negative","RT @bi_politics: . @realDonaldTrump addresses his most recent controversy. #GOPDebate https://t.co/mRlVsmte7R https://t.co/E13xuQ6fPe","",""
"30074","ID708291038033477632","Ted Cruz","Annie","3/11/2016 8:58","none","none","231","Negative","Negative","Negative","RT @AdamSmith_USA: Cruz: ""My focus is on single moms."" *opposes reproductive rights* *opposes maternity care* *opposes raising the minimum""","",""
"30075","ID708268482844971008","Ted Cruz","Matt Wells #CruzCrew","3/11/2016 7:28","Iowa, USA","none","53","Neutral","Positive","Negative","RT @resurgent: Cruz: Common Core is a disaster #GOPDebate https://t.co/Mr9GAqFjEf","",""
"30076","ID708176860308312064","Donald Trump","Jose Juan Gonzalez","3/11/2016 1:24","San Diego, CA","none","129","Neutral","Neutral","Neutral","RT @JordanDoww: An important message from Donald Trump #GOPDebate https://t.co/JwOWXkwV0f","",""
"30077","ID708198302144012288","Donald Trump","Carolyn Sandidge","3/11/2016 2:50","Oakland, CA","none","14","Negative","Negative","Negative","RT @CatholicDems: Yes, #Trump, the most effective way to combat hate is to perpetuate stereotypes & xenophobia #GOPDebate","",""
"30078","ID708154651795988480","Donald Trump","QuestionPro, Inc.","3/10/2016 23:56","San Francisco, CA","Eastern Time (US & Canada)","3","Neutral","Neutral","Negative","The Republican Debate In Miami: A Tame Trump Makes For Lame TV. https://t.co/hxmKh1eRpy #GOPDebate #Scandal https://t.co/pUIHc6D4S1","",""
"30079","ID708141059012841477","Donald Trump","c. sue smith","3/10/2016 23:02","none","none","196","Positive","Positive","Negative","RT @MIAMIforTRUMP: Don't forget! ?????The Media lies!????? #MakeAmericaGreatAgain #Trump2016 #TrumpRally #TrumpTrain #TRUMP #GOPDebate http","",""
"30080","ID708142855999459328","Ted Cruz","Dont Stand Down","3/10/2016 23:09","USA","Central Time (US & Canada)","3","Positive","Positive","Positive","RT @ACSpollen: Lol. Cruz just trolled Coulter, and it was beautiful. #GOPDebate","",""
"30081","ID708152392714493952","Ted Cruz","Timbuktwo","3/10/2016 23:47","none","none","16","Negative","Negative","Negative","RT @magnifier661: Wow! Look at how many Didn't want #LyingTed Cruz #GOPDebate  https://t.co/GBCw0JxKdq","",""
"30082","ID708275035232968705","Donald Trump","Jeanne Stone","3/11/2016 7:55","none","Eastern Time (US & Canada)","13","Negative","Negative","Negative","RT @ajenable: Trump was wrong about trade! You can't punish Americans by putting a 45% tariff on imports. #NeverTrump #GOPDebate","",""
"30083","ID708148245088899073","Donald Trump","Tom","3/10/2016 23:31","ATL Family Man","Eastern Time (US & Canada)","166","Neutral","Neutral","Negative","RT @DefendingtheUSA: #GlennBeck must HATE seeing Trump EVEN WINNING his BLAZE poll. VOTE HERE -->https://t.co/vHZOusNhr1 #GOPDebate https:/","",""
"30084","ID708154667889463297","Donald Trump","Ellen Glassett","3/10/2016 23:56","none","none","51","Negative","Negative","Negative","RT @RadioFreeTom: Trump reassuring our allies that he'll be worse than Obama. #GOPDebate","",""
"30085","ID708145450512097280","Donald Trump","Jerry The Carpenter","3/10/2016 23:20","none","none","0","Positive","Positive","Positive","Vote now: Who won the twelfth Republican debate? #GOPDebate https://t.co/bVUkTeh31Y via @TIMEPolitics Trump won again see for yourself","",""
"30086","ID708452842986741761","Donald Trump","#BatmanvSuperman","3/11/2016 19:41","Metropolis, IL","London","14","Neutral","Positive","Negative","RT @larryelder: ""There's a lot of hatred."" #NAME? Terrorist Groups Intensify Targeting of Children for Jihad https://t.co/GqqGuu","",""
"30087","ID708142286916354053","Ted Cruz","TheMartian","3/10/2016 23:07","Mars","none","45","Positive","Positive","Positive","RT @MattMackowiak: Excellent closing statement from Cruz. #GOPDebate","",""
"30088","ID708325567645351939","Donald Trump","MICHAELANTONIO","3/11/2016 11:15","Las Vegas, NV","Pacific Time (US & Canada)","0","Negative","Negative","Negative","https://t.co/brVLp4doP2 VIDEO: After praising 'civility': We all know that Trump was faki... https://t.co/Q17J4tzQS4 https://t.co/brVLp4doP2","",""
"30089","ID708330121833222144","Donald Trump","Lee Morgan","3/11/2016 11:33","Cupertino, CA","Eastern Time (US & Canada)","21","Negative","Negative","Negative","RT @KenPlume: You can't shame a man with no shame, nor trap an illogical man with logic. You can't talk sane to crazy. Trump is bulletproof","",""
"30090","ID708140768624390145","Ted Cruz","Rebecca Sun","3/10/2016 23:01","California","Pacific Time (US & Canada)","0","Positive","Positive","Positive","Cruz with the slick burrrrrrrn, although why did he pull back from ""son of a billionaire""? #GOPDebate","",""
"30091","ID708186318480642048","Donald Trump","Benjamin Penny","3/11/2016 2:02","The Windy City","Central Time (US & Canada)","953","Neutral","Positive","Positive","RT @FoxNews: Trump: ""We should pay our respects to the police because they are taking tremendous abuse... & they do a phenomenal job."" #GOP","",""
"30092","ID708156186642616320","Donald Trump","tom182blink1","3/11/2016 0:02","none","none","348","Positive","Positive","Negative","RT @WDFx2EU: HEY @BreitbartNews, go tell #RobertMercer to fuck himself, from yours truly and the rest of the millions of #Trump supporters ","",""
"30093","ID708330958131499009","Donald Trump","Dercle jean-luc","3/11/2016 11:37","Vesoul, Franche-Comt","none","122","Negative","Negative","Negative","RT @Politics_PR: Wow Trump's social security plan is just clueless #GOPDebate https://t.co/60nUxMUvLy","",""
"30094","ID708148261668921344","Donald Trump","Jim S.","3/10/2016 23:31","United States","Central Time (US & Canada)","177","Positive","Positive","Negative","RT @larryelder: Trump's asked about ""tone"" that's caused violence. Dems aren't asked about their anti-cop rhetoric and anti-cop riots/looti","",""
"30095","ID708424380850765825","Donald Trump","Michelle","3/11/2016 17:48","none","Central Time (US & Canada)","293","Neutral","Positive","Negative","RT @FoxNews: Trump: ""I used to think Merkel was a great leader until she did what she did to Germany. Germany is a disaster right now."" #GO","",""
"30096","ID708141489080041473","Donald Trump","Jonathan Norman","3/10/2016 23:04","none","none","0","Negative","Negative","Negative","Trump will be good to American worker #GOPDebate #republican primary voters love reality #i rode a unicorn to fight a dragon","",""
"30097","ID708155447375568897","Ted Cruz","mark chaffin","3/10/2016 23:59","Fresno CA","none","13","Negative","Negative","Negative","RT @KLSouth: Palin: GOP Majority Voters in Primary are Wayyyyyy Beneath #Cruz, So Says Cruz. https://t.co/Psrma4i9b9 #GOPDebate #CNNDebate ","",""
"30098","ID708189055708565508","Donald Trump","cinnnystop","3/11/2016 2:13","none","none","947","Positive","Positive","Positive","RT @FrankLuntz: Donald Trump is having his best #GOPDebate of the season so far. He's answering questions directly, calmly, and president","",""
"30099","ID708147967178334208","Ted Cruz","#AlwaysCruz - John","3/10/2016 23:30","In My Lane","Pacific Time (US & Canada)","36","Positive","Positive","Positive","RT @bstein80: Great Cruz point on Israel/Palestinians. Strong. #GOPDebate","",""
"30100","ID708193684538265600","Donald Trump","Zna Trainer","3/11/2016 2:31","none","Hawaii","98","Positive","Positive","Negative","RT @Veteran4Trump: Donald Trump: If we don't have borders, if we don't have strength, we are not a country."" #GOPDebate #Trump2016 https://","",""
"30101","ID708145032453173248","Donald Trump","Margaret White","3/10/2016 23:18","planet earth","Arizona","33","Positive","Positive","Negative","RT @saraelvin: Your attempt to bash #TRUMP failed he wins no matter what! #GOPDebate #tcot #CCOT #AlwaysTrump https://t.co/4vWuQwXL7x","",""
"30102","ID708140966457135104","Donald Trump","Mark Kogan","3/10/2016 23:02","Washington, D.C.","Eastern Time (US & Canada)","0","Positive","Positive","Positive","Trump's closing argument is all general election, all day. #GOPDebate","",""
"30103","ID708354474629337089","Donald Trump","Robert O. Brown Jr.","3/11/2016 13:10","none","none","35","Positive","Positive","Positive","RT @DaystoTrump: 242 #DaysToTrump : Counting down to the election in November! #Trump2016 #Trump #GOPDebate #MakeAmericaGreatAgain https://","",""
"30104","ID708172423128965122","Donald Trump","Amanda B","3/11/2016 1:07","Missoula, MT. ","none","29","Neutral","Neutral","Neutral","RT @FrankLuntz: An uncharacteristically subdued #GOPDebate audience tonight. Listen to that quiet after a Donald Trump response to Ted Cru","",""
"30105","ID708203705594744832","Donald Trump","CJH","3/11/2016 3:11","none","none","81","Negative","Negative","Negative","RT @myfeetonfleek: Grammar Lesson for Donald Trump & the World: It is NEVER ""people that"" People are ""who"". Things/Places/Objects are ""that","",""
"30106","ID708186427700293632","Donald Trump","Asad Bain","3/11/2016 2:02","Atlanta, GA","Eastern Time (US & Canada)","30","Neutral","Positive","Neutral","RT @thehill: Trump: GOP establishment ""should embrace what's happening"" https://t.co/4Eq8DijzPa #GOPdebate https://t.co/34lwgiZW0N","",""
"30107","ID708449009975697408","Donald Trump","Nov 23.","3/11/2016 19:26","none","Mountain Time (US & Canada)","17","Negative","Negative","Negative","RT @GeneralNikkiX: #GOPDebate: Damn Devils Like Donald Trump Play Super Dumb When They Want To .. While Touting How Smart They Are. https:","",""
"30108","ID708153215276048384","Donald Trump","Shar","3/10/2016 23:50","North Carolina, USA","none","201","Negative","Negative","Negative","RT @BettyBowers: When Trump blows Putin a wet kiss and slams Obama, GOP audience goes wild. You know, because they love America and are pat","",""
"30109","ID708199565942398976","Donald Trump","SeasonalPun","3/11/2016 2:55","Northern Hemisphere! PNW!","Central Time (US & Canada)","6","Negative","Negative","Negative","RT @mohammedzismail: Lord. Give. Me. Strength. A Trump supporter sucker punches a protester. Trump responds We have protesters who are b","",""
"30110","ID708140573094326272","Donald Trump","Tim Mansfield","3/10/2016 23:00","USA","none","2","Negative","Negative","Negative","RT @ConstitutionCop: Trump just told all of us he's perfectly fine allowing Social Security to bankrupt us. He said it, not me. Talk to him","",""
"30111","ID708346956691673088","Donald Trump","Billy Otero","3/11/2016 12:40","?T: 4.707374,-74.05005","none","135","Neutral","Negative","Neutral","RT @Ted_Newton: Most recently, CNN poll has Clinton defeating Trump 52-44. https://t.co/7majv50t6H #GOPDebate #NeverTrump","",""
"30112","ID708207950452670465","Donald Trump","Carly Says","3/11/2016 3:28","New Jersey, USA","Eastern Time (US & Canada)","110","Neutral","Positive","Positive","RT @FoxNews: .@krauthammer on Trump's #GOPDebate strategy: ""Be laid back, be presidential...stay in cruise mode, no pun intended"" https://t","",""
"30113","ID708274368036675584","Ted Cruz","HAL #AlwaysTrump","3/11/2016 7:52",".","none","30","Negative","Negative","Negative","RT @PattonDivision: Scary Heidi #Cruz is an architect of the North American Union. Sachs exec. #GOPDebate #OhioPrimary #FLPrimary https://t","",""
"30114","ID708149110675603456","Donald Trump","Xavier E Perez","3/10/2016 23:34","none","Mountain Time (US & Canada)","1","Negative","Negative","Negative","RT @DSMac27: C'mon, Bret - Trump said NOTHING of any meaning or content. #GOPDebate #KellyFile","",""
"30115","ID708149158167846919","Donald Trump","Mark Alan","3/10/2016 23:34","AL","none","156","Positive","Positive","Neutral","RT @OldRowOfficial: Trump has the only reasonable position on fighting radical Islam. #GOPDebate https://t.co/hSuig5YmY5","",""
"30116","ID708150416496664577","Donald Trump","Make America Great","3/10/2016 23:39","CA","Pacific Time (US & Canada)","23","Positive","Positive","Positive","RT @LeCombat: Trump ends by speaking about WE THE PEOPLE. Unify! #GOPDebate","",""
"30117","ID708142889038008320","Donald Trump","Linda Susan Weeks","3/10/2016 23:09","Basin, Wyoming","none","575","Positive","Positive","Positive","RT @LindaSuhler: Congratulation, friends. Tonight you met President Donald Trump. America wins. #GOPDebate #Trump2016","",""
"30118","ID708144263649832960","Ted Cruz","LYNDA","3/10/2016 23:15","NC","Atlantic Time (Canada)","96","Negative","Negative","Negative","RT @RepublicanVzlan: The crowd chanted ""Marco ! Marco"" as Ted Cruz tried to convince them to support him #teammarco #gopdebate","",""
"30119","ID708148503554494464","Donald Trump","jerry scarboro","3/10/2016 23:32","durham nc","none","111","Positive","Positive","Positive","RT @LindaSuhler: Trump supporters! Links to ALL the available POLLS. Speak up for our guy! #GOPDebate #Trump2016 https://t.co/fqRjpnFCsr","",""
"30120","ID708513665335619585","Ted Cruz","Sunny","3/11/2016 23:43","New York, NY","Eastern Time (US & Canada)","17","Negative","Negative","Negative","RT @PolitiFact: .@tedcruz said at #gopdebate he never supported TPP. Mostly True.  (He liked the idea.) https://t.co/PQHMWxwNiB https://t.c","",""
"30121","ID708444645882241024","Donald Trump","MissMarie","3/11/2016 19:09","Gulf Coast of Alabama","Central Time (US & Canada)","29","Negative","Negative","Negative","RT @factcheckdotorg: Trump incorrectly referred to Common Core as education through Washington, D.C.  https://t.co/KaO0sahJpu #GOPDebate","",""
"30122","ID708149168133562368","Ted Cruz","DR. Devildog771","3/10/2016 23:34","USA","none","67","Negative","Negative","Negative","RT @ddiamond: I love that Ted Cruz  who worked for George W Bush, Texas Gov Rick Perry, and is now a senator  dismisses ""career politicia","",""
"30123","ID708150361882804225","Donald Trump","Diamond Rose","3/10/2016 23:39","? I Am From Planet Earth ?","none","109","Positive","Positive","Negative","RT @Ricky_Vaughn99: NOW THEY ARE COPYING TRUMP ON THE VETERANS! #GOPDebate","",""
"30124","ID708283285059801089","Donald Trump","The Tennessean","3/11/2016 8:27","Nashville, TN","Central Time (US & Canada)","1","Neutral","Neutral","Neutral",".@RealDonaldTrump claims credit for sparking #GOP turnout https://t.co/P8ESaxNRgH #GOPDebate https://t.co/UeMig8G0rT","",""
"30125","ID708162899684921344","Donald Trump","Rebecca Faussett","3/11/2016 0:29","Connersville, IN","none","31","Positive","Positive","Positive","RT @Trump2016Donald: @realDonaldTrump You did great tonight! America needs you Trump! #gopdebate https://t.co/EU2qzvlTJo","",""
"30126","ID708158663656083456","Ted Cruz","Lena","3/11/2016 0:12","Great Lakes Area","Atlantic Time (Canada)","260","Negative","Negative","Negative","RT @KLSouth: I really cannot stand listening to #Cruz's overrehearsed, melodramatic flourishes as he states what he will do on day one.  ","",""
"30127","ID708163691821203456","Donald Trump","IntentionalChristian","3/11/2016 0:32","none","Central Time (US & Canada)","2","Positive","Positive","Positive","RT @gs777gs777: #Trump #GOPDebate DT is right ! ISLAM are full of hate. They all read the same Koran, their bible, & this is it... https://","",""
"30128","ID708155510080442368","Ted Cruz","Maebe","3/11/2016 0:00","San Antonio, Texas","Central Time (US & Canada)","72","Neutral","Neutral","Neutral","RT @CNNPolitics: Ted Cruz: ""Only two of us"" have a path to the nomination https://t.co/QxqBj67aXX #GOPDebate https://t.co/3VxU9gAFiI","",""
"30129","ID708140741378215937","Donald Trump","Art W Schnitzer","3/10/2016 23:01","Ft. Lauderdale, Florida","Eastern Time (US & Canada)","228","Positive","Positive","Negative","RT @Lrihendry: There is no more qualified person than #Trump to fire the head of VA and other failing heads of organizations! #GOPDebate","",""
"30130","ID708335569630318592","Donald Trump","Marbin besimcha","3/11/2016 11:55","none","none","21","Negative","Negative","Negative","RT @Shooters_Wife: Trump's position on Israel, is the same kind he has when it comes to PlannedParenthood. #FenceSitter #GOPDebate #CNNDe","",""
"30131","ID708182793197518848","Donald Trump","Napkin Scratch","3/11/2016 1:48","none","none","0","Negative","Negative","Negative","Debates do more harm than good when Trump's statements go unchecked. No time to check them all either. #GOPDebate https://t.co/A23DMO16l6","",""
"30132","ID708299790879223808","Donald Trump","Dale Holcomb","3/11/2016 9:33","Michigan","none","26","Positive","Positive","Negative","RT @yobynnad1127: And again #Trump is the only one with balls to speak the truth about millions of Muslims hating America. #GOPDebate https","",""
"30133","ID708143536005210113","Donald Trump","Alida Lott","3/10/2016 23:12","McComb, Ms.","Central Time (US & Canada)","199","Neutral","Neutral","Neutral","RT @CNNPolitics: Donald Trump: I intend to ""leave Social Security the way it is"" https://t.co/QxqBj67aXX #GOPDebate https://t.co/Gi5v0mH6OJ","",""
"30134","ID708160449066348544","Donald Trump","Joe Wosik","3/11/2016 0:19","San Mateo, CA","Pacific Time (US & Canada)","1","Negative","Negative","Negative","RT @citrussage: VIDEO: After praising 'civility' of #GOPdebate, Trump turns NASTY again afterward!! https://t.co/fzVIcbFbFU","",""
"30135","ID708144675215921154","Ted Cruz","Ellen #NeverTrump","3/10/2016 23:17","Austin, TX","none","29","Neutral","Neutral","Neutral","RT @kathrynw5: Ted Cruz: ""This is a job interview."" #GOPDebate","",""
"30136","ID708152162224705536","Donald Trump","Bily the kid","3/10/2016 23:46","none","none","93","Neutral","Neutral","Negative","RT @CNN: Donald Trump defends 'raise right hand pledge #GOPDebate https://t.co/BsRx5B3JGO https://t.co/CAxvLcoraE","",""
"30137","ID708149266607427585","Donald Trump","Brittnee","3/10/2016 23:35","Georgia","Eastern Time (US & Canada)","92","Negative","Negative","Negative","RT @JesseLehrich: Wait this is an actual quote from Trump praising the Chinese for the Tiananmen Square massacre. #GOPDebate https://t.co/R","",""
"30138","ID708193885910994944","Ted Cruz","Nonna","3/11/2016 2:32","none","Central Time (US & Canada)","96","Neutral","Positive","Negative","RT @catblackfrazier: CRUZ: We don't need a president who's neutral between the Palestinian terrorists and our friend and ally Israel #GOPDe","",""
"30139","ID708298277444169728","Donald Trump","Jen King","3/11/2016 9:27","GayMarriage State :)","Central Time (US & Canada)","117","Negative","Negative","Negative","RT @activist360: Trump says 1 thing at his fascist hate rallies & another at #GOPDebate. He's a narcissistic grifter, con man & glorified u","",""
"30140","ID708258655087562752","Donald Trump","GCI_Global","3/11/2016 6:49","none","none","0","Neutral","Neutral","Negative","Donald Trump stands by controversial comments about Islam https://t.co/psVvU61hV5 #GOPDebate https://t.co/TCrSlLZqtW #business","",""
"30141","ID708150193921921024","Donald Trump","Carlton Smith","3/10/2016 23:38","none","Atlantic Time (Canada)","58","Positive","Positive","Neutral","RT @FoxNews: .@marcthiessen on Trump in #GOPDebate: ""You might even say he was 'low energy,' but he didn't have to be high-energy...he's th","",""
"30142","ID708157063361273856","Donald Trump","I ?? Trump","3/11/2016 0:06","United States","Central Time (US & Canada)","90","Positive","Positive","Positive","RT @SoCal4Trump: Trump brought his A-Game tonight. Loving the debate so far! GO TRUMP!!! America needs you! #GOPDebate #AlwaysTrump https:/","",""
"30143","ID708366784261271552","Donald Trump","Ashley Orantes","3/11/2016 13:59","Palmdale|Turlock","none","29","Negative","Negative","Negative","RT @HahnAmerica: Donald Trump is at war with anyone who doesn't think like he does. That's a bad sign folks. #GOPDebate #NeverTrump","",""
"30144","ID708155643245371392","Donald Trump","Wendy","3/11/2016 0:00","Left Coast","Pacific Time (US & Canada)","21","Negative","Negative","Negative","RT @VOICEOFCHID: Trump is only comfortable in the gutter. Policy ain't his thing. He knows nothing! #GOPDebate","",""
"30145","ID708168777955876864","Donald Trump","Greg Hodges","3/11/2016 0:52","San Diego, CA","Pacific Time (US & Canada)","65","Neutral","Neutral","Negative","RT @nypost: Donald Trump: ""Trade deals are absolutely killing our country..."" #GOPDebate https://t.co/11jwIAr5BP","",""
"30146","ID708154860793802752","Donald Trump","Austin Acosta","3/10/2016 23:57","none","none","9","Negative","Negative","Neutral","RT @RepublicanVzlan: Marco super presidential answer on foreign policy radical islam / trump rambling words, no plan no policy just hateful","",""
"30147","ID708417439369969668","Donald Trump","Bona Fide TRUMPLICAN","3/11/2016 17:20","none","Quito","10","Neutral","Positive","Neutral","RT @meetthepress: ""Boy, what a great night for Donald Trump."" @chucktodd on Thursday's #GOPdebate. https://t.co/tiVqFi4G4B #MTPDaily https:","",""
"30148","ID708153924918710273","Ted Cruz","College Sports Fan","3/10/2016 23:53","none","none","0","Neutral","Neutral","Neutral","@brownieman19 can you add Ted Cruz to your list! #GOPDebate","",""
"30149","ID708143669350572032","Ted Cruz","Shannon McKay","3/10/2016 23:13","none","none","29","Neutral","Positive","Positive","RT @ChgocadChic: #GOPDebate Ted Cruz: We are here pledging our support to you, the American People to Preserve, Protect & Defend the Consti","",""
"30150","ID708157306484031488","Ted Cruz","Stella Storm","3/11/2016 0:07","none","Pacific Time (US & Canada)","10","Negative","Negative","Negative","RT @ConNewsNow: Sorry Ted Cruz, but no Marine would follow the orders of a Canadian usurper #tcot #GopDebate #CruzCrew","",""
"30151","ID708264826406051840","Donald Trump","sarah ayling","3/11/2016 7:14","none","none","43","Negative","Negative","Negative","RT @sierraclub: Sierra Club is against Donald Trump's hateful rhetoric about muslims and immigration to the USA & we call on others to join","",""
"30152","ID708256200538755072","Donald Trump","Cherokejac","3/11/2016 6:40","USA","none","63","Positive","Positive","Negative","RT @_HankRearden: Trump rightly doubles down on 'Islam hates us.' Because Islam does hate us. #GOPDebate","",""
"30153","ID708179055007256576","Donald Trump","Pete Quily","3/11/2016 1:33","Vancouver, BC","Pacific Time (US & Canada)","1","Negative","Negative","Negative","Using an earlier German political model as a template for action #trump #GOPDebate  https://t.co/xLN69p6SMI","",""
"30154","ID708317298407288832","Donald Trump","Morgan Songi","3/11/2016 10:42","none","Pacific Time (US & Canada)","80","Neutral","Neutral","Negative","RT @cnni: Trump: I wasn't endorsing China's massacre of students at Tiananmen riot https://t.co/uJ71xPwhJx https://t.co/4pm9SkLHUU #GOPDe","",""
"30155","ID708151970826027008","Donald Trump","Dena Evans","3/10/2016 23:46","none","none","265","Negative","Negative","Negative","RT @MattWalshBlog: Trump promising to use taxes to make people ""behave."" But remember he's not a fascist. That's silly. #GOPDebate","",""
"30156","ID708288258669580290","Donald Trump","Shelly K/Autism mom","3/11/2016 8:47","Santee, CA","none","27","Positive","Positive","Positive","RT @NYC4TRUMP2016: Trump lead growing!!!! #GOPDebate #Trump2016 #MakeAmericaGreatAgain #TrumpTrain","",""
"30157","ID708149915675926530","Ted Cruz","Lu","3/10/2016 23:37","DE. Bklyn, NY","none","28","Positive","Positive","Negative","RT @KenShepherd: ""I find Cruz hard to listen to..."" Do you ever listen to YOUR own voice, @hardball_Chris?! #GOPDebate #TTT16 https://t.co/","",""
"30158","ID708142878531330048","Donald Trump","Alysha, MSFS","3/10/2016 23:09","Columbia, SC","Eastern Time (US & Canada)","439","Negative","Negative","Negative","RT @jiadarola: CNN just let Donald Trump get away with the insane lie that protesters at his rally are violent. Unconscionable. #GOPDebate","",""
"30159","ID708150452064419840","Ted Cruz","The Mirage","3/10/2016 23:39","none","none","21","Negative","Negative","Negative","#GOPDebate Cruz conceited, arrogant jerk.","",""
"30160","ID708161209934094337","Donald Trump","Maria Lynn","3/11/2016 0:22","Republic of Texas","Central Time (US & Canada)","19","Negative","Negative","Negative","RT @Will_Antonin: Trump, whining: ""We're working on a different set of rules than the terrorists"" Me: Yes, you moron. It's called being Am","",""
"30161","ID708395279595098112","Donald Trump","Marilyn Tucker","3/11/2016 15:52","none","none","1","Negative","Negative","Negative","#GOPDebate  Trump's pleasant demeanor when not crossed in debate highlights Jekyll/Hyde traits, lack of stability necessary for POTUS.","",""
"30162","ID708152976599285760","Donald Trump","Political Black Dog","3/10/2016 23:50","none","Eastern Time (US & Canada)","152","Positive","Positive","Positive","RT @immigrant4trump: Trump WON Debate! even at the Blaze! (Glenn Beck's own poll) https://t.co/x3SHoYRDia #GOPDebate #Trump2016 https://t.""","",""
"30163","ID708148444108595201","Donald Trump","TFDW","3/10/2016 23:32","Tennessee, USA","none","16","Negative","Negative","Negative","RT @lsarsour: Tune in tomorrow morning to @democracynow, I'll be on. Talking elections, #MuslimVote, Trump hate..... #GOPDebate","",""
"30164","ID708290768595607556","Donald Trump","Lori Richardson","3/11/2016 8:57","Minnesota","none","0","Neutral","Neutral","Negative","Fact Check: Donald Trump is no ally to Israel #GOPDebate https://t.co/4jADGtG5Of","",""
"30165","ID708140494732304384","Ted Cruz","Zach Van Gieson","3/10/2016 23:00","Anniston, AL","Mountain Time (US & Canada)","0","Positive","Positive","Positive","Cruz made a joke...it was funny. #GOPDebate","",""
"30166","ID708142589141250049","Ted Cruz","Ed Dead Water Killer","3/10/2016 23:08","Treasure Coast","Pacific Time (US & Canada)","3","Neutral","Neutral","Neutral","RT @KristinaWebb: Hey Cruz, what about a son of a son of a sailor? Can he stand up there, too? #GOPdebate","",""
"30167","ID708257523346890752","Donald Trump","Tim Dilger","3/11/2016 6:45","none","none","233","Positive","Positive","Neutral","RT @_HankRearden: Trump just told the truth about Islam, and that's a big reason he has my vote. #GOPDebate","",""
"30168","ID708341788491325444","Donald Trump","AJ Monte","3/11/2016 12:20","Cedar Key, FL","none","7","Positive","Positive","Negative","#CNN is running out of substantive #GOPDebate questions. I've seen more violence at a baseball game than at a #Trump rally. Give me a break.","",""
"30169","ID708144049656451072","Donald Trump","Rocket Girl","3/10/2016 23:14","none","none","345","Neutral","Positive","Positive","RT @AnnTelnaes: Trump: ""There's great love for this country"" #GOPDebate https://t.co/1xmNnTGULr","",""
"30170","ID708275886026457088","Donald Trump","Melissa Welch","3/11/2016 7:58","none","none","46","Negative","Negative","Negative","RT @peddoc63: Debates talking about policies show Trump's deficiencies. I'm thinking he'd rather go back to mudslinging? #GOPDebate #CNNDeb","",""
"30171","ID708143541852065792","Donald Trump","Dee","3/10/2016 23:12","Kiln, MS","Central Time (US & Canada)","32","Positive","Positive","Positive","RT @OrigIntent: The #GOPDebate was #Trump's to lose & he didn't. It's a WIN for #Trump2016. @Lrihendry @LindaSuhler @TrumpMyPres @ColorMeR","",""
"30172","ID708160303977140224","Donald Trump","matt mc","3/11/2016 0:19","none","none","258","Negative","Negative","Negative","RT @voxdotcom: Donald Trump isn't rich because he's a great investor. He's rich because his dad was rich. https://t.co/m3bm9olFNz #GOPDebate","",""
"30173","ID708206697475665920","Ted Cruz","Bella Barbone","3/11/2016 3:23","Atlanta, GA","Atlantic Time (Canada)","134","Negative","Negative","Negative","RT @bendykoval: ""Government is the problem"" Oh, Cruz. Is that why you're running for a government position instead of a revolution? #GOPDeb","",""
"30174","ID708150903707148288","Donald Trump","Myteks Media Labs","3/10/2016 23:41","Washington, DC. ","America/New_York","56","Neutral","Neutral","Negative","RT @Reuters: Trump's Islam comments draw fire from rivals, but civility reigns at #GOPDebate: https://t.co/SO7KuKmKfx https://t.co/gpNGanQM","",""
"30175","ID708144179176611840","Donald Trump","WITHHELD BY MEDIA","3/10/2016 23:15","America","Arizona","0","Negative","Negative","Negative","#GOPDebate #CNNDebate #NeverTrump These are wonderful people. ~ Trump on the x-factor HALF of his base:: https://t.co/echn0IcQwC","",""
"30176","ID708188240528846849","Ted Cruz","Shorty","3/11/2016 2:10","Florida","none","1","Negative","Negative","Negative","RT @NaturallyTEE: Cruz just sounds like he should be the pastor of a mega church #AlwaysLying  #GOPDebate","",""
"30177","ID708141027341668353","Ted Cruz","Priya","3/10/2016 23:02","none","Mountain Time (US & Canada)","64","Negative","Negative","Negative","RT @AdamSmith_USA: Cruz: ""DC isn't listening to the people."" #GOPDebate *majority of Americans support marriage equality and gun reform* ","",""
"30178","ID708158842148761600","Donald Trump","Everett G. Lacy","3/11/2016 0:13","none","none","15","Positive","Positive","Negative","RT @SpreadButter: I'm voting trump because he is better than anything @gop has offered us in 16 years @realDonaldTrump @FoxNews #GOPDebate ","",""
"30179","ID708156366821548033","Ted Cruz","David L. Switzer","3/11/2016 0:03","none","none","96","Neutral","Negative","Neutral","RT @KLSouth: RT @TBradleyNC: Oh my. Ted Cruz would consider Jeb Bush as VP. #speechless #GOPDebate","",""
"30180","ID708145292068061188","Donald Trump","Kenike Marceau","3/10/2016 23:19","San Antonio TX","none","111","Negative","Negative","Negative","RT @activist360: Trump doubles down on his vile bigotry of Muslims, proving again, today's GOP is not a political party, it's a hate group.","",""
"30181","ID708150883687600128","Donald Trump","Vinod Varshney","3/10/2016 23:41","Delhi","New Delhi","7","Negative","Negative","Negative","RT @dcexaminer: On Twitter, Hillary Clinton slams Donald Trump for not condemning rally violence https://t.co/0ljpOWP1vi #GOPDebate https:/","",""
"30182","ID708294811132960768","Donald Trump","atiq?h ?zri ?_?_","3/11/2016 9:13","malaysia","Alaska","68","Negative","Negative","Negative","RT @markmobility: While Trump says Muslims hate America, @IslamicRelief has been providing aid in the #FlintWaterCrisis #GOPDebate https://","",""
"30183","ID708374841259270145","Donald Trump","L'Etat C'est Moi","3/11/2016 14:31","none","Central Time (US & Canada)","238","Neutral","Negative","Negative","RT @SteveRattner: Clinton crushes Trump in head to head matchups. #GOPDebate https://t.co/6EGqbBlFOf","",""
"30184","ID708145250498273282","Donald Trump","Nancy","3/10/2016 23:19","none","none","38","Neutral","Neutral","Neutral","RT @AuditTheMedia: Shorter Trump: The Best Deals or No Deals #GOPDebate https://t.co/RJ7pje5DBO","",""
"30185","ID708439450389352450","Donald Trump","Gayle Rich","3/11/2016 18:48","Texas","none","480","Negative","Negative","Negative","RT @ToppHogg: Mr. Muddybelly is not a candidate at #GOPDebate, but he'd give #trump a run for his #money.  https://t.co/XAnFDIQVif https://","",""
"30186","ID708190134139691008","Donald Trump","Patriot Girl - TX","3/11/2016 2:17","Texas","Central Time (US & Canada)","104","Negative","Negative","Negative","RT @BradThor: Donald Trump's debate answers are about as insightful as his Tweets. #GOPDebate","",""
"30187","ID708143357290225664","Donald Trump","Marc Stewart Denver7","3/10/2016 23:11","Denver","Mountain Time (US & Canada)","1","Neutral","Negative","Negative","#CNN commentator raises question, will #Trump still have his supporters if isn't as provocative after #civil and tame #GOPDebate","",""
"30188","ID708141086208872448","Donald Trump","VOTE FOR   T R U M P","3/10/2016 23:02","Naples, Fl","none","9","Positive","Positive","Negative","TRUMP knows that if he does not get voted POTUS the country cannot recove #GOPDEBATE","",""
"30189","ID708156281882873856","Donald Trump","Judy Stines","3/11/2016 0:03","#BlueLivesMatter","Eastern Time (US & Canada)","25","Negative","Negative","Negative","RT @LauraWalkerKC: Trump asked about how he will actually cut Social Security, he starts talking about how we are the policeman of the worl","",""
"30190","ID708176776518709253","Donald Trump","hispanic4Trump","3/11/2016 1:24","United States","none","689","Neutral","Neutral","Positive","RT @EmilyMiller: Last words from Trump to Florida voters: ""Be smart and unify."" #GOPDebate""","",""
"30191","ID708171536662810624","Donald Trump","Cokey","3/11/2016 1:03","none","Central Time (US & Canada)","89","Positive","Positive","Positive","RT @foxnewspolitics: Trump triumphs at #GOPdebate. Rivals and moderators can't lay a glove on front-runner | Via @julieroginsky |  https://","",""
"30192","ID708309291862720513","Donald Trump","Marcy McGowan","3/11/2016 10:11","Delaware","Eastern Time (US & Canada)","24","Negative","Negative","Negative","RT @srjones66: Donald Trump Humiliates Himself By Getting Common Core Wrong At Republican Debate via @politicususa https://t.co/9AlpSNGYNv ","",""
"30193","ID708147558162567169","Ted Cruz","Jessica Josephson","3/10/2016 23:28","Worcester  MA","Quito","5","Negative","Negative","Negative","RT @jenniferweiner: Cruz: Shouty shouty shout. Stand with cops. Abolish IRS. No third term for a failed adminstration. #GOPDebate","",""
"30194","ID708327368755011585","Ted Cruz","Patriots for Rubio","3/11/2016 11:22","Fairfax, VA","none","82","Negative","Negative","Negative","RT @TeamMarcoWestPA: Ted Cruz starts inviting other candidates' supporters to join his team. The crowd starts chanting ""MAR-CO! MAR-CO! MAR","",""
"30195","ID708459721267810304","Marco Rubio","Silvia Ladreda","3/11/2016 20:08","none","none","123","Positive","Positive","Positive","RT @TomRtweets: Excellent answer by Rubio. Finest so far. #GOPDebate","",""
"30196","ID708473614463537154","Marco Rubio","Eric Dolhon","3/11/2016 21:04","Kissimmee, FL","Eastern Time (US & Canada)","2","Neutral","Positive","Positive","RT @cabot_phillips: .@marcorubio dominated the #GOPDebate in his hometown: https://t.co/nPUlJ9RXYx https://t.co/2wt4MW8051","",""
"30197","ID708464560332640256","Marco Rubio","Prism Group","3/11/2016 20:28","Europe & US","Amsterdam","3","Neutral","Neutral","Neutral","RT @KennyCunningham: ""Too little, too late for Rubio? Maybe not"" read my thoughts on #GOPDebate & how it impacts the race: https://t.co/Lbp","",""
"30198","ID708487100698460160","Marco Rubio","Ann Batiza","3/11/2016 21:57","none","Quito","5","Negative","Negative","Negative","RT @ZaidJilani: What will actually happen to South Florida after Rubio moves his family to DC and becomes a lobbyist #GOPDebate https://t.c","",""
"30199","ID708475177470832640","John Kasich","Dave Begley","3/11/2016 21:10","Toronto","Eastern Time (US & Canada)","194","Positive","Positive","Positive","RT @JohnKasich: ""A strong America is what the entire world is begging for..."" John Kasich will make it happen. #GOPDebate https://t.co/lSg","",""
"30200","ID708501097598623744","John Kasich","Michael Colby","3/11/2016 22:53","Primary Adjunct: Unimatrix 001","Central Time (US & Canada)","94","Negative","Negative","Negative","RT @TheDailyEdge: ICYMI: Kasich's 2 biggest accomplishments (balanced budget in '90s, better healthcare in Ohio) thanks entirely to Clinton","",""
"30201","ID708468768222019584","John Kasich","WolfNW","3/11/2016 20:44","none","Pacific Time (US & Canada)","2","Neutral","Neutral","Positive","RT @TheDailyEdge: Kasich: ""We did great things in DC when Clinton was President. And thanks to Obama's auto bailout, Ohio is booming"" #CNND","",""
"30202","ID708508192519626753","John Kasich","Alex Manbeck","3/11/2016 23:21","Canada","Atlantic Time (Canada)","5","Positive","Positive","Positive","Kasich sounding good #gopdebate","",""
"30203","ID708459285219450880","John Kasich","Frank E. Freeman","3/11/2016 20:07","none","none","3","Neutral","Neutral","Positive","RT @KLSouth: Pro-Amnesty #Kasich's big cities are sanctuary cities. And he likes Common Core. #GOPDebate #Ohio #OhioPrimary","",""
"30204","ID708491217215082496","John Kasich","Thomas Frotten","3/11/2016 22:14","none","none","3","Neutral","Positive","Negative","RT @worldnetdaily: John Kasich: We don't want to ""lock the doors"" on international trade #GOPDebate","",""
"30205","ID708456944432971777","John Kasich","betty rook","3/11/2016 19:57","none","Arizona","2","Negative","Negative","Negative","RT @ashishphappd: Kasich benefitted from the other 3 attacking each other constantly. Without that dynamic, he has lost his gimmick. #GOPDe","",""
