tweet_id,candidate,name,tweet_created,tweet_location,user_timezone,retweet_count,sentiment,quote_sentiment,tone,text
ID708156819756163072,Trump,Mariasol,3/11/2016 0:05:00,null,null,75,positive,positive,negative,"RT @steph93065: These people are a joke.

Donald Trump is the only authentic candidate ??
#Trump2016
#GOPDebate

@CarmineZozzora"
ID708178427535175680,Trump,AllyChat,3/11/2016 1:31:00,Not With Trump,Arizona,0,negative,negative,negative,"Trump fans applaud their hero's ""tough talk"" but get offended when I do same on Twitter. Sad. #NeverTrump #GOPDebate"
ID708143933155463168,Trump,0xdeadb?be,3/10/2016 23:14:00,Inwood 207 St,Eastern Time (US & Canada),8,negative,negative,negative,RT @LucyStag: It's genuinely skin-crawling how Trump refuses to say that his supporters shouldn't be violent. #gopdebate
ID708145761960079360,Trump,Chidike Okeem,3/10/2016 23:21:00,"Dallas, TX",Central Time (US & Canada),6,negative,negative,negative,"RT @TheValuesVoter: @VOICEOFCHID Asking Trump a detailed question is like asking Stevie Wonder ""What color is this dress?"" #GOPDebate https…"
ID708253303298252800,Trump,Sweet Sabina,3/11/2016 6:28:00,USA,Hawaii,157,negative,negative,negative,"RT @KatiePavlich: Palestinian terrorists/Authority celebrated the murder of American Taylor Force in the streets, Trump wants to negotiate …"
ID708270964728061952,Trump,Franklin-Maximus,3/11/2016 7:38:00,"New York, USA",null,149,negative,negative,negative,"RT @thehill: Trump: I use visas that are ""very bad"" for American workers https://t.co/p8wUCnEfm0 #GOPdebate https://t.co/IL2KSc0HVV"
ID708141020307849216,Trump,jbird,3/10/2016 23:02:00,Colorado,Mountain Time (US & Canada),0,neutral,neutral,neutral,Trump is campaigning for his sister for SCOTUS in his closing remarks. #GOPDebate
ID708147428059435008,Cruz,Toni,3/10/2016 23:27:00,null,Quito,4,neutral,neutral,neutral,"RT @dawngpsalm63: #CNNDebate #GOPDebate #Cruz #NAU
#Florida #Ohio #Primary
Watch VIP ?????????????? https://t.co/1JOlEbOl14"
ID708151147584946176,Trump,GoldNews,3/10/2016 23:42:00,Global,Eastern Time (US & Canada),134,neutral,positive,positive,RT @USATODAY: Trump: We'll build factories here and make our own products. That's the way it should be done. #GOPDebate
ID708366514638839808,Cruz,Jake Braunger,3/11/2016 13:58:00," Denver, Iowa, Seattle, D.C.",Central Time (US & Canada),184,negative,negative,negative,"RT @HEELZiggler: No matter what points Cruz makes, he just comes off as a hall monitor, who tells the teacher who was bad, while she was ou…"
ID708327509612335105,Trump,Chris Clements,3/11/2016 11:23:00,null,null,1,neutral,neutral,negative,"RT @frogmorton: I'd be OK if Trump outlawed all hooting, and possibly all hollering. #GOPDebate"
ID708143795250929664,Cruz,#CruzCrew,3/10/2016 23:13:00,Texas,Mountain Time (US & Canada),41,neutral,neutral,neutral,RT @mrctv: WATCH: Sen. Ted Cruz calls for ObamaCare repeal in closing statement. #TTT16 GOPDebate https://t.co/loCfR4Ssd4
ID708141855058186240,Cruz,Freeda?,3/10/2016 23:05:00,null,null,118,positive,positive,positive,"RT @ChuckNellis: Ted Cruz had an AWESOME factual, policy based #GOPDebate! If you want our next Ronald Reagan LEADER I introduce you to @Te…"
ID708174272594751489,Trump,pamela oberfeld,3/11/2016 1:14:00,"nyc, michigan",Eastern Time (US & Canada),311,negative,negative,negative,"RT @stephenfhayes: Trump on Middle East conflict: ""I was the Grand Marshal of the Israeii Day parade, down 5th Avenue."" #embarrassing #GOPd…"
ID708169667559358464,Cruz,#AlwaysTrump-Kathy,3/11/2016 0:56:00,USA,Eastern Time (US & Canada),12,negative,negative,negative,"RT @_Teufelshunde: Ted Cruz Is Now Auto Recall. Anytime I Hear Or See Him
The Immediate Image Is: Sleazy Televangelist
#GOPDebate https://t…"
ID708147231887523840,Trump,John David,3/10/2016 23:27:00,null,Mountain Time (US & Canada),0,positive,positive,positive,"Um..ummm  Attention:
@AmbJohnBolton The most Presidential candidate on the #GOPDebate
#NeverHillary @gop @nro #trump https://t.co/JVrxKHAuQe"
ID708145174786940928,Trump,Vote For Trump,3/10/2016 23:19:00,On the #TrumpTrain,Pacific Time (US & Canada),217,positive,positive,positive,RT @Veteran4Trump: Trump is the only candidate that remembers! Don't be fooled America. Trump is our last hope for Security #GOPDebate http…
ID708166288133083136,Trump,Bill,3/11/2016 0:42:00,"Phoenix, AZ",Arizona,755,neutral,neutral,negative,"RT @guypbenson: ""I beat Hillary in many of the polls."" - Trump at #GOPDebate

The polls: https://t.co/7sWHYOBtVv"
ID708314339325816833,Trump,Robyn van Eck,3/11/2016 10:31:00,Texas,null,520,negative,negative,negative,RT @JesseKellyDC: If you're watching this debate and think Trump is the best candidate on that stage then you need professional help. #GOPD…
ID708143155909013504,Cruz,Just Ann American,3/10/2016 23:10:00,null,Central Time (US & Canada),8,negative,negative,negative,RT @My3Alexandra: #GOPDebate Everything Cruz wants to do on day one are impeachable offenses #Pleaseproceed
ID708149869928693760,Trump,Joseph W,3/10/2016 23:37:00,null,Eastern Time (US & Canada),57,neutral,neutral,neutral,"RT @Ricky_Vaughn99: Okay, so even though @jaketapper tried to stump Trump he was much fairer and more respectable than @megynkelly. #GOPDeb…"
ID708325065788497920,Trump,TrumpForce1,3/11/2016 11:13:00,null,null,658,positive,positive,positive,RT @WesleyRickard: Kid Rock Singer Songwriter Endorses Donald J Trump for President #NC #FL #OH #MO #IL #DC #CA #GOP #FOX #GOPDebate https:…
ID708164928767561728,Cruz,laura,3/11/2016 0:37:00,null,null,197,negative,negative,negative,RT @lexi4prez: Cruz going on and on about less government being wonderful and great....until it's about abortion and gay marriage. #GOPDeba…
ID708306009899409409,Trump,CRUZIN2016,3/11/2016 9:58:00,"Louisiana, USA",null,178,negative,negative,negative,"RT @stephenfhayes: Trump, pressed for details on his ""waste, fraud & abuse"" Social Sec dodge, instead lists countries (to waste time), talk…"
ID708141041740722176,Trump,Nina,3/10/2016 23:02:00,Transplanted to Texas,Central Time (US & Canada),0,negative,negative,negative,Love how Trump eventually takes talking points from other candidates.  #GOPDebate
ID708145995742208000,Trump,On My High Horse,3/10/2016 23:22:00,"Raleigh, NC ",Eastern Time (US & Canada),26,negative,negative,negative,"RT @BigHeadSports: I have to hand it to Trump. For a Democrat, he's not doing terrible at the #GOPDebate"
ID708154386938204160,Trump,jim doherty,3/10/2016 23:55:00,nyc,null,20,positive,positive,positive,RT @JLQ4TRUMP: @CNNPolitics @TheresaMechele of course it's true #GOPDebate #CNNDebate #Trump is the only one who speaks the truth https://t…
ID708144295727894528,Trump,Cincinnatus,3/10/2016 23:15:00,USA,Central Time (US & Canada),1,negative,negative,negative,"Great #GOPDebate?
No circus of nastiness for ratings.
Good questions and answers.
#Trump for the first time said, ""The Constitution.""

#TCOT"
ID708252383227351040,Trump,Jeff,3/11/2016 6:25:00,null,Pacific Time (US & Canada),12,negative,negative,negative,"RT @HavanaTed: With all due respect to Donald Trump, there is no bigger clown in America than @Reince. #GOPDebate"
ID708189045579362304,Trump,Kimber130,3/11/2016 2:13:00,null,null,41,negative,negative,negative,RT @MTP: New NBC/WSJ Poll: Trump's favorability rating is among the lowest in the history of pres. candidates. https://t.co/D52C4YUzP4 #GOP…
ID708296290694782976,Trump,UglyButler,3/11/2016 9:19:00,null,Casablanca,39,negative,negative,negative,RT @imfabulous13: Disney workers endorsed Trump only because they think he is a cartoon character. #GOPDebate #CNNDebate https://t.co/mTkpt…
ID708256668056813569,Cruz,First State,3/11/2016 6:42:00,"Utah, USA",null,101,neutral,neutral,neutral,RT @trendincontent: Cruz: I'm fine with contested convention https://t.co/khnKwgR6eA #GOPDebate https://t.co/uk8rajOn71
ID708270336148688896,Trump,June,3/11/2016 7:36:00,"Vero Beach, FL",null,14,positive,positive,positive,RT @FriendlyJMC: #Trump #GOPDebate The GOP has ONE candidate pulling in new voters that can beat Hillary: https://t.co/Qv34MVBI62
ID708416617030492161,Trump,Kathleen Svagdis,3/11/2016 17:17:00,null,null,0,positive,positive,negative,FL OurPrinciplesPAC anti-Trump ads false-Trump followed law for workers-change the law as he said in #GOPDebate LIES he did NOT pay $1M fine
ID708146271417032704,Trump,Krystle J,3/10/2016 23:23:00,Weed State #1,Pacific Time (US & Canada),29,negative,negative,negative,RT @Wonkette: How many justices does Trump think are going to die? And which one is he going to have killed? Is it Roberts? We bet it's Rob…
ID708141318011293696,Trump,Victoria Hudson,3/10/2016 23:03:00,"Waterbury Center, VT",null,42,negative,negative,negative,"RT @CNNMoney: The truth behind Donald Trump's 'self funding'
https://t.co/rZ3HD8G04b #GOPDebate https://t.co/0AMR28yc9I"
ID708141091309166592,Trump,Right Wing Watch,3/10/2016 23:02:00,"Washington, DC",Eastern Time (US & Canada),8,neutral,neutral,negative,"Trump: ""It will take centuries to recover"" if a Democratic president appoints the next Supreme Court justices #GOPDebate"
ID708269915501895681,Trump,ALICE KOBULINSKY,3/11/2016 7:34:00,florida,null,105,negative,negative,negative,"RT @ToddHagopian: Could someone PLEASE count how many times #Trump has said ""deal"" in the debate?

This guy knows NOTHING about policy!
#GO…"
ID708408525656080385,Trump,National Voting Day,3/11/2016 16:45:00,null,null,0,negative,negative,negative,.@RealDonaldTrump #Trump2016 The #KingofLosers: #GOPDebate: Another Loser: Trump Payroll Chicago LLC
ID708337933351170048,Trump,Hoover Institution,3/11/2016 12:04:00,Stanford University,Pacific Time (US & Canada),2,negative,negative,negative,"RT @hooverwhalen: New to my @Forbes blog: #GOPDebate shows us that #Trump makes for ho-hum television . . .when he stops being #Trump. 
http…"
ID708151200554885121,Trump,Terry A,3/10/2016 23:42:00,Floida,Eastern Time (US & Canada),3,negative,negative,negative,"RT @laniar: CNN quotes Trump essentially inciting violence, he blames the protesters. Classy af. #GOPdebate"
ID708291638993526784,Cruz,FactCheck.org,3/11/2016 9:01:00,Philadelphia,Eastern Time (US & Canada),36,negative,negative,negative,Cruz attacked Obama for returning Churchill bust to UK when he took office. But it was loaned to Bush. https://t.co/NfNXsGBqtL #GOPDebate
ID708142496358993925,Trump,Ankit Panda,3/10/2016 23:08:00,Chengdu Research Base (jk NYC),Eastern Time (US & Canada),5,negative,negative,negative,"Things Donald Trump and Deng Xiaoping would agree on:

-To get rich is glorious.
-Tiananmen Square was a ""riot.""

#GOPDebate"
ID708290785276465157,Trump,Martine,3/11/2016 8:57:00,null,Eastern Time (US & Canada),214,positive,positive,negative,RT @cnnbrk: Trump: I haven't even started on Clinton yet. #GOPDebate https://t.co/yjvGhspqVi
ID708141037877747712,Trump,matthaertner,3/10/2016 23:02:00,"Austin, TX",Central Time (US & Canada),0,negative,negative,negative,How long does Trump think people live? #GOPDebate #centuries
ID708150220228599812,Trump,#BusTed (DoT),3/10/2016 23:39:00,Midgard,Eastern Time (US & Canada),29,positive,positive,positive,"RT @TeresaC85469500: #GOPDebate Only Trump has done deals risking his own assets on a World Stage! The rest use Our money without risk!
#V…"
ID708141502103482368,Trump,matty ice,3/10/2016 23:04:00,"Montreal, Quebec, Canada",Central Time (US & Canada),0,negative,negative,negative,"""Do you think it played to your advantage?""

Trump: ""Sure did, I fooled all those fuckers.""

#GOPDebate"
ID708145740036460544,Trump,CAPT. JAKY ANONYMOUS,3/10/2016 23:21:00,SOMEWHERE IN THE SKY ABOVE,Eastern Time (US & Canada),1,negative,negative,negative,"RT @JoniBarth1: I am more than a little worried that the ""good deal ""Donald Trump wants from Cuba is a good hotel deal. #NotTrump #GOPDebate"
ID708145814749614080,Trump,varifrank,3/10/2016 23:21:00,38.7758228 -121.2994642,Pacific Time (US & Canada),24,neutral,neutral,neutral,"RT @ArthurSchwartz: Trump: ""The Republican party has a great chance to embrace . . . people that it's never known before.""

Yes, like Dona…"
ID708363708993564673,Trump,Tim Gradous,3/11/2016 13:47:00,Home of MASTERS ??,null,39,negative,negative,negative,"RT @Ryan__Hyman: Here's the problem: Trump WAS civil tonight. He still lacks substance & I worry when his regular, uncivil self will resurf…"
ID708143619157286913,Trump,Delynn B,3/10/2016 23:12:00,Middle of America,Central Time (US & Canada),364,negative,negative,negative,"RT @MattWalshBlog: Trump is the ""outsider"" candidate who constantly points out how he's exploited the political system his whole life #GOPD…"
ID708316507483217921,Trump,RebeccaB,3/11/2016 10:39:00,Houston,null,32,negative,negative,negative,RT @AmandaPresto: Hahahahahah Trump: I'm the most pro-Israel on the stage bc I was in a parade once. #GOPdebate
ID708154401228251136,Trump,David Giffin,3/10/2016 23:55:00,Not really sure anymore,Eastern Time (US & Canada),1,negative,negative,negative,"RT @snleanza95: Literally every Trump line: I know how to use the laws to my advantage, because I'm a con-man. #GOPDebate #tccus"
ID708408824718172160,Trump,Patricia McMillan,3/11/2016 16:46:00,"Indiana, USA",null,107,positive,positive,positive,RT @DonaldTrumpLA: Donald J. Trump called for more respect for American law enforcement. #GOPDebate. He is good for USA https://t.co/cnGxU2…
ID708316470950821888,Trump,Stocks N Blonds,3/11/2016 10:39:00,null,null,103,positive,positive,positive,RT @Ricky_Vaughn99: TRUMP DOMINATES DRUDGE POLL AFTER MIAMI #GOPDebate https://t.co/uPmwMUwt8z
ID708140649774645248,Cruz,Belleartiste,3/10/2016 23:01:00,"Dallas, Texas",Central Time (US & Canada),214,negative,negative,negative,"RT @LindaSuhler: Aw, Ted.
Your vindictiveness is NOT playing well tonight.
#LyingTed Cruz.
(And he gave us his website for $$$)

#GOPDebate…"
ID708418499367010309,Trump,HappyPurpleMeatballs,3/11/2016 17:25:00,"St Petersburg, FL",null,30,positive,positive,positive,"RT @hectormorenco: Trump coalition is mostly working class Americans. Great to see new life, new ideas, and new voters in GOP. #GOPDebate"
ID708141867523829760,Trump,S. Stanley,3/10/2016 23:05:00,N. Florida,Eastern Time (US & Canada),9,negative,negative,negative,"RT @rumpfshaker: So, journalists aren't going to ask Trump about one of their own being assaulted? Lame. #GOPDebate #FireCorey"
ID708153495698821120,Trump,TRUMP FOR PRESIDENT,3/10/2016 23:52:00,United States,Central Time (US & Canada),38,neutral,negative,neutral,RT @FrankLuntz: Trump's Muslim comments are winning over conservatives but not moderates.  #GOPDebate
ID708175774088454144,Trump,Madison,3/11/2016 1:20:00,USA,null,37,positive,positive,negative,"RT @OrigIntent: Poor #Beck. His own poll shows #Trump won #GOPDebate.

@LindaSuhler @Lrihendry @mjgranger1 @TrumpMyPres @slone https://t.co…"
ID708265673038929920,Cruz,Lee,3/11/2016 7:17:00,"Florida, USA",null,35,negative,negative,negative,"RT @misterdish69: #GOPDebate #Dobbs Exactly, Cruz baited him, he showed class. Although he could have mentioned all the ideas were his http…"
ID708251118959255556,Trump,Kasim Arman Ul-Haq,3/11/2016 6:20:00,England,null,224,negative,negative,negative,"RT @YourAnonNews: Trump celebrating police brutality, wild applause #GOPDebate"
ID708147406601322496,Trump,Christie Davis,3/10/2016 23:27:00,null,null,29,positive,positive,positive,"RT @K1erry: Trump gives a good closing praising his supporters and how they love their country. Embrace these people! And unify
#GOPDebate"
ID708288020097736704,Trump,mukisa,3/11/2016 8:46:00,"New Hampshire, USA",Pacific Time (US & Canada),83,neutral,negative,negative,"RT @pollreport: PRESIDENT
Hillary Clinton (D) 51%
Donald Trump (R) 38%
(NBC/WSJ Poll, RV, 3/3-6)
Details & trend: https://t.co/v6fZ17B6VJ
#…"
ID708155122233294848,Cruz,sassygirl,3/10/2016 23:58:00,null,null,48,neutral,neutral,negative,"RT @nypost: Cruz: ""Donald, you are welcome to be president of the Smithsonian...."" #GOPDebate https://t.co/bi25U9Q46b"
ID708152594066186240,Trump,Jimmy Inga,3/10/2016 23:48:00,"Woodbridge, VA",Eastern Time (US & Canada),785,negative,negative,negative,"RT @ajplus: #GOPDebate: Trump says most Muslims hate America.

@sbarakat210 says this kind of rhetoric provokes violence: https://t.co/w47…"
ID708159078527176705,Trump,Luke Allen,3/11/2016 0:14:00,"Burbank, CA ",Pacific Time (US & Canada),0,positive,positive,positive,Me and arthur are rooting for you @realDonaldTrump @arthurallen34 #trump #election #GOPDebate
ID708250501792579584,Trump,Jerry Ross,3/11/2016 6:17:00,null,America/Detroit,1,negative,negative,negative,"RT @SteveVaughn: If you don't like Donald Trump's stand on an issue, wait about a half hour. It will change.
#CNNDebate #GOPDebate"
ID708161567171305472,Cruz,Sarah Bentley,3/11/2016 0:24:00,null,Pacific Time (US & Canada),31,negative,negative,negative,Ted Cruz was a rabid dog tonight. Not exactly words that anyone would cross over to him for. His insults and lies were desperate. #GOPDebate
ID708468081409048577,Trump,Tar&Feathers,3/11/2016 20:42:00,future refugee safe zone,null,42,negative,negative,negative,"RT @Shooters_Wife: .@glennbeck: Regarding Cuba: There is no principle that Donald Trump isn't willing to violate.

#GOPDebate
#CharacterMa…"
ID708208488615272448,Trump,Dana,3/11/2016 3:30:00,"Washington, USA",null,1,neutral,positive,positive,"RT @BigHoner: Trump: we have to knock out ISIS, knock them out fast, then get back home and rebuild our country because it is falling apart…"
ID708323406509248512,Cruz,Tierrah,3/11/2016 11:07:00,Arkansas,Central Time (US & Canada),90,negative,negative,negative,RT @KLSouth: #Cruz's lies appear pathological. At #GOPdebate he said he didn't want a contested convention. Here's the truth. https://t.co/…
ID708193485740859392,Trump,Matthew?,3/11/2016 2:30:00,null,null,13,negative,negative,negative,RT @bi_politics: . @realDonaldTrump addresses his most recent controversy. #GOPDebate https://t.co/mRlVsmte7R https://t.co/E13xuQ6fPe
ID708291038033477632,Cruz,Annie,3/11/2016 8:58:00,null,null,231,negative,negative,negative,"RT @AdamSmith_USA: Cruz: ""My focus is on single moms.""

*opposes reproductive rights*
*opposes maternity care*
*opposes raising the minimum…"
ID708268482844971008,Cruz,Matt Wells #CruzCrew,3/11/2016 7:28:00,"Iowa, USA",null,53,neutral,positive,negative,RT @resurgent: Cruz: Common Core is a disaster #GOPDebate https://t.co/Mr9GAqFjEf
ID708176860308312064,Trump,Jose Juan Gonzalez,3/11/2016 1:24:00,"San Diego, CA",null,129,neutral,neutral,neutral,RT @JordanDoww: An important message from Donald Trump #GOPDebate https://t.co/JwOWXkwV0f
ID708198302144012288,Trump,Carolyn Sandidge,3/11/2016 2:50:00,"Oakland, CA",null,14,negative,negative,negative,"RT @CatholicDems: Yes, #Trump, the most effective way to combat hate is to perpetuate stereotypes & xenophobia #GOPDebate"
ID708154651795988480,Trump,"QuestionPro, Inc.",3/10/2016 23:56:00,"San Francisco, CA",Eastern Time (US & Canada),3,neutral,neutral,negative,The Republican Debate In Miami: A Tame Trump Makes For Lame TV. https://t.co/hxmKh1eRpy #GOPDebate #Scandal https://t.co/pUIHc6D4S1
ID708141059012841477,Trump,c. sue smith,3/10/2016 23:02:00,null,null,196,positive,positive,negative,RT @MIAMIforTRUMP: Don't forget! ?????The Media lies!????? #MakeAmericaGreatAgain #Trump2016 #TrumpRally #TrumpTrain #TRUMP #GOPDebate http…
ID708142855999459328,Cruz,Dont Stand Down,3/10/2016 23:09:00,USA,Central Time (US & Canada),3,positive,positive,positive,"RT @ACSpollen: Lol. Cruz just trolled Coulter, and it was beautiful. #GOPDebate"
ID708152392714493952,Cruz,Timbuktwo,3/10/2016 23:47:00,null,null,16,negative,negative,negative,RT @magnifier661: Wow! Look at how many Didn't want #LyingTed Cruz #GOPDebate  https://t.co/GBCw0JxKdq
ID708275035232968705,Trump,Jeanne Stone,3/11/2016 7:55:00,null,Eastern Time (US & Canada),13,negative,negative,negative,RT @ajenable: Trump was wrong about trade! You can't punish Americans by putting a 45% tariff on imports. #NeverTrump #GOPDebate
ID708148245088899073,Trump,Tom,3/10/2016 23:31:00,ATL Family Man,Eastern Time (US & Canada),166,neutral,neutral,negative,RT @DefendingtheUSA: #GlennBeck must HATE seeing Trump EVEN WINNING his BLAZE poll. VOTE HERE -->https://t.co/vHZOusNhr1 #GOPDebate https:/…
ID708154667889463297,Trump,Ellen Glassett,3/10/2016 23:56:00,null,null,51,negative,negative,negative,"RT @RadioFreeTom: Trump reassuring our allies that he'll be worse than Obama.

#GOPDebate"
ID708145450512097280,Trump,Jerry The Carpenter,3/10/2016 23:20:00,null,null,0,positive,positive,positive,Vote now: Who won the twelfth Republican debate? #GOPDebate https://t.co/bVUkTeh31Y via @TIMEPolitics Trump won again see for yourself
ID708452842986741761,Trump,#BatmanvSuperman,3/11/2016 19:41:00,"Metropolis, IL",London,14,neutral,positive,negative,"RT @larryelder: ""There's a lot of hatred.""
--Donald Trump
""Terrorist Groups Intensify Targeting of Children for Jihad"" https://t.co/GqqGuu…"
ID708142286916354053,Cruz,TheMartian,3/10/2016 23:07:00,Mars,null,45,positive,positive,positive,"RT @MattMackowiak: Excellent closing statement from Cruz.
#GOPDebate"
ID708325567645351939,Trump,MICHAELANTONIO,3/11/2016 11:15:00,"Las Vegas, NV",Pacific Time (US & Canada),0,negative,negative,negative,https://t.co/brVLp4doP2 VIDEO: After praising 'civility': We all know that Trump was faki... https://t.co/Q17J4tzQS4 https://t.co/brVLp4doP2
ID708330121833222144,Trump,Lee Morgan,3/11/2016 11:33:00,"Cupertino, CA",Eastern Time (US & Canada),21,negative,negative,negative,"RT @KenPlume: You can't shame a man with no shame, nor trap an illogical man with logic. You can't talk sane to crazy. Trump is bulletproof…"
ID708140768624390145,Cruz,Rebecca Sun,3/10/2016 23:01:00,California,Pacific Time (US & Canada),0,positive,positive,positive,"Cruz with the slick burrrrrrrn, although why did he pull back from ""son of a billionaire""? #GOPDebate"
ID708186318480642048,Trump,Benjamin Penny,3/11/2016 2:02:00,The Windy City,Central Time (US & Canada),953,neutral,positive,positive,"RT @FoxNews: Trump: ""We should pay our respects to the police because they are taking tremendous abuse... & they do a phenomenal job."" #GOP…"
ID708156186642616320,Trump,tom182blink1,3/11/2016 0:02:00,null,null,348,positive,positive,negative,"RT @WDFx2EU: HEY @BreitbartNews, go tell #RobertMercer to fuck himself, from yours truly and the rest of the millions of #Trump supporters …"
ID708330958131499009,Trump,Dercle jean-luc,3/11/2016 11:37:00,"Vesoul, Franche-Comt",null,122,negative,negative,negative,RT @Politics_PR: Wow Trump's social security plan is just clueless #GOPDebate https://t.co/60nUxMUvLy
ID708148261668921344,Trump,Jim S.,3/10/2016 23:31:00,United States,Central Time (US & Canada),177,positive,positive,negative,"RT @larryelder: Trump's asked about ""tone"" that's caused violence. Dems aren't asked about their anti-cop rhetoric and anti-cop riots/looti…"
ID708424380850765825,Trump,Michelle,3/11/2016 17:48:00,null,Central Time (US & Canada),293,neutral,positive,negative,"RT @FoxNews: Trump: ""I used to think Merkel was a great leader until she did what she did to Germany. Germany is a disaster right now."" #GO…"
ID708141489080041473,Trump,Jonathan Norman,3/10/2016 23:04:00,null,null,0,negative,negative,negative,Trump will be good to American worker #GOPDebate #republican primary voters love reality #i rode a unicorn to fight a dragon
ID708155447375568897,Cruz,mark chaffin,3/10/2016 23:59:00,Fresno CA,null,13,negative,negative,negative,"RT @KLSouth: Palin: GOP Majority Voters in Primary are Wayyyyyy Beneath #Cruz, So Says Cruz. https://t.co/Psrma4i9b9 #GOPDebate #CNNDebate …"
ID708189055708565508,Trump,cinnnystop,3/11/2016 2:13:00,null,null,947,positive,positive,positive,"RT @FrankLuntz: Donald Trump is having his best #GOPDebate of the season so far.

He's answering questions directly, calmly, and… president…"
ID708147967178334208,Cruz,#AlwaysCruz - John,3/10/2016 23:30:00,In My Lane,Pacific Time (US & Canada),36,positive,positive,positive,RT @bstein80: Great Cruz point on Israel/Palestinians. Strong. #GOPDebate
ID708193684538265600,Trump,Zna Trainer,3/11/2016 2:31:00,null,Hawaii,98,positive,positive,negative,"RT @Veteran4Trump: Donald Trump: If we don't have borders, if we don't have strength, we are not a country."" #GOPDebate #Trump2016 https://…"
ID708145032453173248,Trump,Margaret White,3/10/2016 23:18:00,planet earth,Arizona,33,positive,positive,negative,RT @saraelvin: Your attempt to bash #TRUMP failed he wins no matter what! #GOPDebate #tcot #CCOT #AlwaysTrump https://t.co/4vWuQwXL7x
ID708140966457135104,Trump,Mark Kogan,3/10/2016 23:02:00,"Washington, D.C.",Eastern Time (US & Canada),0,positive,positive,positive,"Trump's closing argument is all general election, all day. #GOPDebate"
ID708354474629337089,Trump,Robert O. Brown Jr.,3/11/2016 13:10:00,null,null,35,positive,positive,positive,RT @DaystoTrump: 242 #DaysToTrump : Counting down to the election in November! #Trump2016 #Trump #GOPDebate #MakeAmericaGreatAgain https://…
ID708172423128965122,Trump,Amanda B,3/11/2016 1:07:00,"Missoula, MT. ",null,29,neutral,neutral,neutral,"RT @FrankLuntz: An uncharacteristically subdued #GOPDebate audience tonight.

Listen to that quiet after a Donald Trump response to Ted Cru…"
ID708203705594744832,Trump,CJH,3/11/2016 3:11:00,null,null,81,negative,negative,negative,"RT @myfeetonfleek: Grammar Lesson for Donald Trump & the World: It is NEVER ""people that"" People are ""who"". Things/Places/Objects are ""that…"
ID708186427700293632,Trump,Asad Bain,3/11/2016 2:02:00,"Atlanta, GA",Eastern Time (US & Canada),30,neutral,positive,neutral,"RT @thehill: Trump: GOP establishment ""should embrace what's happening"" https://t.co/4Eq8DijzPa #GOPdebate https://t.co/34lwgiZW0N"
ID708449009975697408,Trump,Nov 23.,3/11/2016 19:26:00,null,Mountain Time (US & Canada),17,negative,negative,negative,"RT @GeneralNikkiX: #GOPDebate:

Damn Devils Like Donald Trump Play Super Dumb When They Want To .. While Touting How Smart They Are. https:…"
ID708153215276048384,Trump,Shar,3/10/2016 23:50:00,"North Carolina, USA",null,201,negative,negative,negative,"RT @BettyBowers: When Trump blows Putin a wet kiss and slams Obama, GOP audience goes wild. You know, because they love America and are pat…"
ID708199565942398976,Trump,SeasonalPun,3/11/2016 2:55:00,Northern Hemisphere! PNW!,Central Time (US & Canada),6,negative,negative,negative,"RT @mohammedzismail: Lord. Give. Me. Strength.

A Trump supporter sucker punches a protester. Trump responds ""We have protesters who are b…"
ID708140573094326272,Trump,Tim Mansfield,3/10/2016 23:00:00,USA,null,2,negative,negative,negative,"RT @ConstitutionCop: Trump just told all of us he's perfectly fine allowing Social Security to bankrupt us. He said it, not me. Talk to him…"
ID708346956691673088,Trump,Billy Otero,3/11/2016 12:40:00,"?T: 4.707374,-74.05005",null,135,neutral,negative,neutral,"RT @Ted_Newton: Most recently, CNN poll has Clinton defeating Trump 52-44. https://t.co/7majv50t6H #GOPDebate #NeverTrump"
ID708207950452670465,Trump,Carly Says,3/11/2016 3:28:00,"New Jersey, USA",Eastern Time (US & Canada),110,neutral,positive,positive,"RT @FoxNews: .@krauthammer on Trump's #GOPDebate strategy: ""Be laid back, be presidential...stay in cruise mode, no pun intended"" https://t…"
ID708274368036675584,Cruz,HAL #AlwaysTrump,3/11/2016 7:52:00,.,null,30,negative,negative,negative,RT @PattonDivision: Scary Heidi #Cruz is an architect of the North American Union. Sachs exec. #GOPDebate #OhioPrimary #FLPrimary https://t…
ID708149110675603456,Trump,Xavier E Perez,3/10/2016 23:34:00,null,Mountain Time (US & Canada),1,negative,negative,negative,"RT @DSMac27: C'mon, Bret - Trump said NOTHING of any meaning or content. #GOPDebate #KellyFile"
ID708149158167846919,Trump,Mark Alan,3/10/2016 23:34:00,AL,null,156,positive,positive,neutral,RT @OldRowOfficial: Trump has the only reasonable position on fighting radical Islam. #GOPDebate https://t.co/hSuig5YmY5
ID708150416496664577,Trump,Make America Great,3/10/2016 23:39:00,CA,Pacific Time (US & Canada),23,positive,positive,positive,RT @LeCombat: Trump ends by speaking about WE THE PEOPLE. Unify! #GOPDebate
ID708142889038008320,Trump,Linda Susan Weeks,3/10/2016 23:09:00,"Basin, Wyoming",null,575,positive,positive,positive,"RT @LindaSuhler: Congratulation, friends.
Tonight you met President Donald Trump.
America wins.

#GOPDebate
#Trump2016"
ID708144263649832960,Cruz,LYNDA,3/10/2016 23:15:00,NC,Atlantic Time (Canada),96,negative,negative,negative,"RT @RepublicanVzlan: The crowd chanted ""Marco ! Marco"" as Ted Cruz tried to convince them to support him #teammarco #gopdebate"
ID708148503554494464,Trump,jerry scarboro,3/10/2016 23:32:00,durham nc,null,111,positive,positive,positive,"RT @LindaSuhler: Trump supporters!
Links to ALL the available POLLS.
Speak up for our guy!
#GOPDebate
#Trump2016 https://t.co/fqRjpnFCsr"
ID708513665335619585,Cruz,Sunny,3/11/2016 23:43:00,"New York, NY",Eastern Time (US & Canada),17,negative,negative,negative,RT @PolitiFact: .@tedcruz said at #gopdebate he never supported TPP. Mostly True.  (He liked the idea.) https://t.co/PQHMWxwNiB https://t.c…
ID708444645882241024,Trump,MissMarie,3/11/2016 19:09:00,Gulf Coast of Alabama,Central Time (US & Canada),29,negative,negative,negative,"RT @factcheckdotorg: Trump incorrectly referred to Common Core as …education through Washington, D.C.…  https://t.co/KaO0sahJpu #GOPDebate"
ID708149168133562368,Cruz,DR. Devildog771,3/10/2016 23:34:00,USA,null,67,negative,negative,negative,"RT @ddiamond: I love that Ted Cruz … who worked for George W Bush, Texas Gov Rick Perry, and is now a senator … dismisses ""career politicia…"
ID708150361882804225,Trump,Diamond Rose,3/10/2016 23:39:00,? I Am From Planet Earth ?,null,109,positive,positive,negative,RT @Ricky_Vaughn99: NOW THEY ARE COPYING TRUMP ON THE VETERANS! #GOPDebate
ID708283285059801089,Trump,The Tennessean,3/11/2016 8:27:00,"Nashville, TN",Central Time (US & Canada),1,neutral,neutral,neutral,.@RealDonaldTrump claims credit for sparking #GOP turnout https://t.co/P8ESaxNRgH #GOPDebate https://t.co/UeMig8G0rT
ID708162899684921344,Trump,Rebecca Faussett,3/11/2016 0:29:00,"Connersville, IN",null,31,positive,positive,positive,RT @Trump2016Donald: @realDonaldTrump You did great tonight! America needs you Trump! #gopdebate… https://t.co/EU2qzvlTJo
ID708158663656083456,Cruz,Lena,3/11/2016 0:12:00,Great Lakes Area,Atlantic Time (Canada),260,negative,negative,negative,"RT @KLSouth: I really cannot stand listening to #Cruz's overrehearsed, melodramatic flourishes as he states what he will do …on day one.…  …"
ID708163691821203456,Trump,IntentionalChristian,3/11/2016 0:32:00,null,Central Time (US & Canada),2,positive,positive,positive,"RT @gs777gs777: #Trump #GOPDebate DT is right ! ISLAM are full of hate. They all read the same Koran, their bible, & this is it... https://…"
ID708155510080442368,Cruz,Maebe,3/11/2016 0:00:00,"San Antonio, Texas",Central Time (US & Canada),72,neutral,neutral,neutral,"RT @CNNPolitics: Ted Cruz: ""Only two of us"" have a path to the nomination https://t.co/QxqBj67aXX #GOPDebate https://t.co/3VxU9gAFiI"
ID708140741378215937,Trump,Art W Schnitzer,3/10/2016 23:01:00,"Ft. Lauderdale, Florida",Eastern Time (US & Canada),228,positive,positive,negative,RT @Lrihendry: There is no more qualified person than #Trump to fire the head of VA and other failing heads of organizations! #GOPDebate
ID708335569630318592,Trump,Marbin besimcha,3/11/2016 11:55:00,null,null,21,negative,negative,negative,"RT @Shooters_Wife: Trump's position on Israel, is the same kind he has when it comes to PlannedParenthood. #FenceSitter

#GOPDebate
#CNNDe…"
ID708182793197518848,Trump,Napkin Scratch,3/11/2016 1:48:00,null,null,0,negative,negative,negative,Debates do more harm than good when Trump's statements go unchecked. No time to check them all either. #GOPDebate https://t.co/A23DMO16l6
ID708299790879223808,Trump,Dale Holcomb,3/11/2016 9:33:00,Michigan,null,26,positive,positive,negative,RT @yobynnad1127: And again #Trump is the only one with balls to speak the truth about millions of Muslims hating America. #GOPDebate https…
ID708143536005210113,Trump,Alida Lott,3/10/2016 23:12:00,"McComb, Ms.",Central Time (US & Canada),199,neutral,neutral,neutral,"RT @CNNPolitics: Donald Trump: I intend to ""leave Social Security the way it is"" https://t.co/QxqBj67aXX #GOPDebate
https://t.co/Gi5v0mH6OJ"
ID708160449066348544,Trump,Joe Wosik,3/11/2016 0:19:00,"San Mateo, CA",Pacific Time (US & Canada),1,negative,negative,negative,"RT @citrussage: VIDEO: After praising 'civility' of #GOPdebate, Trump turns NASTY again afterward!! https://t.co/fzVIcbFbFU"
ID708144675215921154,Cruz,Ellen #NeverTrump,3/10/2016 23:17:00,"Austin, TX",null,29,neutral,neutral,neutral,"RT @kathrynw5: Ted Cruz: ""This is a job interview."" #GOPDebate"
ID708152162224705536,Trump,Bily the kid,3/10/2016 23:46:00,null,null,93,neutral,neutral,negative,RT @CNN: Donald Trump defends 'raise right hand… pledge #GOPDebate https://t.co/BsRx5B3JGO https://t.co/CAxvLcoraE
ID708149266607427585,Trump,Brittnee,3/10/2016 23:35:00,Georgia,Eastern Time (US & Canada),92,negative,negative,negative,"RT @JesseLehrich: Wait this is an actual quote from Trump praising the Chinese for the Tiananmen Square massacre.
#GOPDebate https://t.co/R…"
ID708193885910994944,Cruz,Nonna,3/11/2016 2:32:00,null,Central Time (US & Canada),96,neutral,positive,negative,RT @catblackfrazier: CRUZ: We don't need a president who's neutral between the Palestinian terrorists and our friend and ally Israel #GOPDe…
ID708298277444169728,Trump,Jen King,3/11/2016 9:27:00,GayMarriage State :),Central Time (US & Canada),117,negative,negative,negative,"RT @activist360: Trump says 1 thing at his fascist hate rallies & another at #GOPDebate. He's a narcissistic grifter, con man & glorified u…"
ID708258655087562752,Trump,GCI_Global,3/11/2016 6:49:00,null,null,0,neutral,neutral,negative,Donald Trump stands by controversial comments about Islam https://t.co/psVvU61hV5 #GOPDebate https://t.co/TCrSlLZqtW #business
ID708150193921921024,Trump,Carlton Smith,3/10/2016 23:38:00,null,Atlantic Time (Canada),58,positive,positive,neutral,"RT @FoxNews: .@marcthiessen on Trump in #GOPDebate: ""You might even say he was 'low energy,' but he didn't have to be high-energy...he's th…"
ID708157063361273856,Trump,I ?? Trump,3/11/2016 0:06:00,United States,Central Time (US & Canada),90,positive,positive,positive,"RT @SoCal4Trump: Trump brought his A-Game tonight. Loving the debate so far! GO TRUMP!!! America needs you!
#GOPDebate
#AlwaysTrump https:/…"
ID708366784261271552,Trump,Ashley Orantes,3/11/2016 13:59:00,Palmdale|Turlock,null,29,negative,negative,negative,RT @HahnAmerica: Donald Trump is at war with anyone who doesn't think like he does. That's a bad sign folks. #GOPDebate #NeverTrump
ID708155643245371392,Trump,Wendy,3/11/2016 0:00:00,Left Coast,Pacific Time (US & Canada),21,negative,negative,negative,RT @VOICEOFCHID: Trump is only comfortable in the gutter. Policy ain't his thing. He knows nothing! #GOPDebate
ID708168777955876864,Trump,Greg Hodges,3/11/2016 0:52:00,"San Diego, CA",Pacific Time (US & Canada),65,neutral,neutral,negative,"RT @nypost: Donald Trump: ""Trade deals are absolutely killing our country..."" #GOPDebate https://t.co/11jwIAr5BP"
ID708154860793802752,Trump,Austin Acosta,3/10/2016 23:57:00,null,null,9,negative,negative,neutral,"RT @RepublicanVzlan: Marco super presidential answer on foreign policy radical islam / trump rambling words, no plan no policy just hateful…"
ID708417439369969668,Trump,Bona Fide TRUMPLICAN,3/11/2016 17:20:00,null,Quito,10,neutral,positive,neutral,"RT @meetthepress: ""Boy, what a great night for Donald Trump."" @chucktodd on Thursday's #GOPdebate. https://t.co/tiVqFi4G4B #MTPDaily https:…"
ID708153924918710273,Cruz,College Sports Fan,3/10/2016 23:53:00,null,null,0,neutral,neutral,neutral,@brownieman19 can you add Ted Cruz to your list! #GOPDebate
ID708143669350572032,Cruz,Shannon McKay,3/10/2016 23:13:00,null,null,29,neutral,positive,positive,"RT @ChgocadChic: #GOPDebate Ted Cruz: We are here pledging our support to you, the American People to Preserve, Protect & Defend the Consti…"
ID708157306484031488,Cruz,Stella Storm,3/11/2016 0:07:00,null,Pacific Time (US & Canada),10,negative,negative,negative,"RT @ConNewsNow: Sorry Ted Cruz, but no Marine would follow the orders of a Canadian usurper #tcot #GopDebate #CruzCrew"
ID708264826406051840,Trump,sarah ayling,3/11/2016 7:14:00,null,null,43,negative,negative,negative,RT @sierraclub: Sierra Club is against Donald Trump's hateful rhetoric about muslims and immigration to the USA & we call on others to join…
ID708256200538755072,Trump,Cherokejac,3/11/2016 6:40:00,USA,null,63,positive,positive,negative,RT @_HankRearden: Trump rightly doubles down on 'Islam hates us.' Because Islam does hate us. #GOPDebate
ID708179055007256576,Trump,Pete Quily,3/11/2016 1:33:00,"Vancouver, BC",Pacific Time (US & Canada),1,negative,negative,negative,Using an earlier German political model as a template for action #trump #GOPDebate  https://t.co/xLN69p6SMI
ID708317298407288832,Trump,Morgan Songi,3/11/2016 10:42:00,null,Pacific Time (US & Canada),80,neutral,neutral,negative,RT @cnni: Trump: I wasn't endorsing China's massacre of students at Tiananmen riot https://t.co/uJ71xPwhJx https://t.co/4pm9SkLHUU #GOPDe…
ID708151970826027008,Trump,Dena Evans,3/10/2016 23:46:00,null,null,265,negative,negative,negative,"RT @MattWalshBlog: Trump promising to use taxes to make people ""behave."" But remember he's not a fascist. That's silly. #GOPDebate"
ID708288258669580290,Trump,Shelly K/Autism mom,3/11/2016 8:47:00,"Santee, CA",null,27,positive,positive,positive,RT @NYC4TRUMP2016: Trump lead growing!!!! #GOPDebate #Trump2016 #MakeAmericaGreatAgain #TrumpTrain
ID708149915675926530,Cruz,Lu,3/10/2016 23:37:00,"DE. Bklyn, NY",null,28,positive,positive,negative,"RT @KenShepherd: ""I find Cruz hard to listen to..."" Do you ever listen to YOUR own voice, @hardball_Chris?! #GOPDebate #TTT16 https://t.co/…"
ID708142878531330048,Trump,"Alysha, MSFS",3/10/2016 23:09:00,"Columbia, SC",Eastern Time (US & Canada),439,negative,negative,negative,RT @jiadarola: CNN just let Donald Trump get away with the insane lie that protesters at his rally are violent. Unconscionable. #GOPDebate
ID708150452064419840,Cruz,The Mirage,3/10/2016 23:39:00,null,null,21,negative,negative,negative,"#GOPDebate Cruz conceited, arrogant jerk."
ID708161209934094337,Trump,Maria Lynn,3/11/2016 0:22:00,Republic of Texas,Central Time (US & Canada),19,negative,negative,negative,"RT @Will_Antonin: Trump, whining: ""We're working on a different set of rules than the terrorists""
Me: ""Yes, you moron. It's called being Am…"
ID708395279595098112,Trump,Marilyn Tucker,3/11/2016 15:52:00,null,null,1,negative,negative,negative,"#GOPDebate  Trump's pleasant demeanor when not crossed in debate highlights Jekyll/Hyde traits, lack of stability necessary for POTUS."
ID708152976599285760,Trump,Political Black Dog,3/10/2016 23:50:00,null,Eastern Time (US & Canada),152,positive,positive,positive,"RT @immigrant4trump: Trump WON Debate! even at the Blaze! (Glenn Beck's own poll)
https://t.co/x3SHoYRDia #GOPDebate #Trump2016 https://t.…"
ID708148444108595201,Trump,TFDW,3/10/2016 23:32:00,"Tennessee, USA",null,16,negative,negative,negative,"RT @lsarsour: Tune in tomorrow morning to @democracynow, I'll be on. Talking elections, #MuslimVote, Trump hate..... #GOPDebate"
ID708290768595607556,Trump,Lori Richardson,3/11/2016 8:57:00,Minnesota,null,0,neutral,neutral,negative,Fact Check: Donald Trump is no ally to Israel #GOPDebate https://t.co/4jADGtG5Of
ID708140494732304384,Cruz,Zach Van Gieson,3/10/2016 23:00:00,"Anniston, AL",Mountain Time (US & Canada),0,positive,positive,positive,Cruz made a joke...it was funny. #GOPDebate
ID708142589141250049,Cruz,Ed Dead Water Killer,3/10/2016 23:08:00,Treasure Coast,Pacific Time (US & Canada),3,neutral,neutral,neutral,"RT @KristinaWebb: Hey Cruz, what about a son of a son of a sailor? Can he stand up there, too? #GOPdebate"
ID708257523346890752,Trump,Tim Dilger,3/11/2016 6:45:00,null,null,233,positive,positive,neutral,"RT @_HankRearden: Trump just told the truth about Islam, and that's a big reason he has my vote. #GOPDebate"
ID708341788491325444,Trump,AJ Monte,3/11/2016 12:20:00,"Cedar Key, FL",null,7,positive,positive,negative,#CNN is running out of substantive #GOPDebate questions. I've seen more violence at a baseball game than at a #Trump rally. Give me a break.
ID708144049656451072,Trump,Rocket Girl,3/10/2016 23:14:00,null,null,345,neutral,positive,positive,"RT @AnnTelnaes: Trump: ""There's great love for this country"" #GOPDebate https://t.co/1xmNnTGULr"
ID708275886026457088,Trump,Melissa Welch,3/11/2016 7:58:00,null,null,46,negative,negative,negative,RT @peddoc63: Debates talking about policies show Trump's deficiencies. I'm thinking he'd rather go back to mudslinging? #GOPDebate #CNNDeb…
ID708143541852065792,Trump,Dee,3/10/2016 23:12:00,"Kiln, MS",Central Time (US & Canada),32,positive,positive,positive,"RT @OrigIntent: The #GOPDebate was #Trump's to lose & he didn't. It's a WIN for #Trump2016.

@Lrihendry @LindaSuhler @TrumpMyPres @ColorMeR…"
ID708160303977140224,Trump,matt mc,3/11/2016 0:19:00,null,null,258,negative,negative,negative,RT @voxdotcom: Donald Trump isn't rich because he's a great investor. He's rich because his dad was rich. https://t.co/m3bm9olFNz #GOPDebate
ID708206697475665920,Cruz,Bella Barbone,3/11/2016 3:23:00,"Atlanta, GA",Atlantic Time (Canada),134,negative,negative,negative,"RT @bendykoval: ""Government is the problem""
Oh, Cruz. Is that why you're running for a government position instead of a revolution?
#GOPDeb…"
ID708150903707148288,Trump,Myteks Media Labs,3/10/2016 23:41:00,"Washington, DC. ",America/New_York,56,neutral,neutral,negative,"RT @Reuters: Trump's Islam comments draw fire from rivals, but civility reigns at #GOPDebate: https://t.co/SO7KuKmKfx https://t.co/gpNGanQM…"
ID708144179176611840,Trump,WITHHELD BY MEDIA,3/10/2016 23:15:00,America,Arizona,0,negative,negative,negative,"#GOPDebate
#CNNDebate
#NeverTrump

""These are wonderful people.""

~ Trump on the x-factor HALF of his base

:: https://t.co/echn0IcQwC"
ID708188240528846849,Cruz,Shorty,3/11/2016 2:10:00,Florida,null,1,negative,negative,negative,RT @NaturallyTEE: Cruz just sounds like he should be the pastor of a mega church #AlwaysLying  #GOPDebate
ID708141027341668353,Cruz,Priya,3/10/2016 23:02:00,null,Mountain Time (US & Canada),64,negative,negative,negative,"RT @AdamSmith_USA: Cruz: ""DC isn't listening to the people."" #GOPDebate

*majority of Americans support marriage equality and gun reform*

…"
ID708158842148761600,Trump,Everett G. Lacy,3/11/2016 0:13:00,null,null,15,positive,positive,negative,RT @SpreadButter: I'm voting trump because he is better than anything @gop has offered us in 16 years @realDonaldTrump @FoxNews #GOPDebate …
ID708156366821548033,Cruz,David L. Switzer,3/11/2016 0:03:00,null,null,96,neutral,negative,neutral,RT @KLSouth: RT @TBradleyNC: Oh my. Ted Cruz would consider Jeb Bush as VP. #speechless #GOPDebate
ID708145292068061188,Trump,Kenike Marceau,3/10/2016 23:19:00,San Antonio TX,null,111,negative,negative,negative,"RT @activist360: Trump doubles down on his vile bigotry of Muslims, proving again, today's GOP is not a political party, it's a hate group.…"
ID708150883687600128,Trump,Vinod Varshney,3/10/2016 23:41:00,Delhi,New Delhi,7,negative,negative,negative,"RT @dcexaminer: On Twitter, Hillary Clinton slams Donald Trump for not condemning rally violence https://t.co/0ljpOWP1vi #GOPDebate https:/…"
ID708294811132960768,Trump,atiq?h ?zri ?_?_,3/11/2016 9:13:00,malaysia,Alaska,68,negative,negative,negative,"RT @markmobility: While Trump says Muslims hate America, @IslamicRelief has been providing aid in the #FlintWaterCrisis
#GOPDebate https://…"
ID708374841259270145,Trump,L'Etat C'est Moi,3/11/2016 14:31:00,null,Central Time (US & Canada),238,neutral,negative,negative,RT @SteveRattner: Clinton crushes Trump in head to head matchups. #GOPDebate https://t.co/6EGqbBlFOf
ID708145250498273282,Trump,Nancy,3/10/2016 23:19:00,null,null,38,neutral,neutral,neutral,RT @AuditTheMedia: Shorter Trump: The Best Deals or No Deals #GOPDebate https://t.co/RJ7pje5DBO
ID708439450389352450,Trump,Gayle Rich,3/11/2016 18:48:00,Texas,null,480,negative,negative,negative,"RT @ToppHogg: Mr. Muddybelly is not a candidate at #GOPDebate, but he'd give #trump a run for his #money.  https://t.co/XAnFDIQVif https://…"
ID708190134139691008,Trump,Patriot Girl - TX,3/11/2016 2:17:00,Texas,Central Time (US & Canada),104,negative,negative,negative,RT @BradThor: Donald Trump's debate answers are about as insightful as his Tweets. #GOPDebate
ID708143357290225664,Trump,Marc Stewart Denver7,3/10/2016 23:11:00,Denver,Mountain Time (US & Canada),1,neutral,negative,negative,"#CNN commentator raises question, will #Trump still have his supporters if isn't as provocative after #civil and tame #GOPDebate"
ID708141086208872448,Trump,VOTE FOR   T R U M P,3/10/2016 23:02:00,"Naples, Fl",null,9,positive,positive,negative,TRUMP knows that if he does not get voted POTUS the country cannot recove #GOPDEBATE
ID708156281882873856,Trump,Judy Stines,3/11/2016 0:03:00,#BlueLivesMatter,Eastern Time (US & Canada),25,negative,negative,negative,"RT @LauraWalkerKC: Trump asked about how he will actually cut Social Security, he starts talking about how we are the policeman of the worl…"
ID708176776518709253,Trump,hispanic4Trump,3/11/2016 1:24:00,United States,null,689,neutral,neutral,positive,"RT @EmilyMiller: Last words from Trump to Florida voters: ""Be smart and unify.""
#GOPDebate"
ID708171536662810624,Trump,Cokey,3/11/2016 1:03:00,null,Central Time (US & Canada),89,positive,positive,positive,RT @foxnewspolitics: Trump triumphs at #GOPdebate. Rivals and moderators can't lay a glove on front-runner | Via @julieroginsky |  https://…
ID708309291862720513,Trump,Marcy McGowan,3/11/2016 10:11:00,Delaware,Eastern Time (US & Canada),24,negative,negative,negative,RT @srjones66: Donald Trump Humiliates Himself By Getting Common Core Wrong At Republican Debate via @politicususa https://t.co/9AlpSNGYNv …
ID708147558162567169,Cruz,Jessica Josephson,3/10/2016 23:28:00,Worcester  MA,Quito,5,negative,negative,negative,RT @jenniferweiner: Cruz: Shouty shouty shout. Stand with cops. Abolish IRS. No third term for a failed adminstration. #GOPDebate
ID708327368755011585,Cruz,Patriots for Rubio,3/11/2016 11:22:00,"Fairfax, VA",null,82,negative,negative,negative,"RT @TeamMarcoWestPA: Ted Cruz starts inviting other candidates' supporters to join his team. The crowd starts chanting ""MAR-CO! MAR-CO! MAR…"
ID708459721267810304,Rubio,Silvia Ladreda,3/11/2016 20:08:00,null,null,123,positive,positive,positive,RT @TomRtweets: Excellent answer by Rubio. Finest so far. #GOPDebate
ID708473614463537154,Rubio,Eric Dolhon,3/11/2016 21:04:00,"Kissimmee, FL",Eastern Time (US & Canada),2,neutral,positive,positive,RT @cabot_phillips: .@marcorubio dominated the #GOPDebate in his hometown: https://t.co/nPUlJ9RXYx https://t.co/2wt4MW8051
ID708464560332640256,Rubio,Prism Group,3/11/2016 20:28:00,Europe & US,Amsterdam,3,neutral,neutral,neutral,"RT @KennyCunningham: ""Too little, too late for Rubio? Maybe not"" read my thoughts on #GOPDebate & how it impacts the race: https://t.co/Lbp??_??_"
ID708487100698460160,Rubio,Ann Batiza,3/11/2016 21:57:00,null,Quito,5,negative,negative,negative,RT @ZaidJilani: What will actually happen to South Florida after Rubio moves his family to DC and becomes a lobbyist #GOPDebate https://t.c??_??_
ID708475177470832640,Kasich,Dave Begley,3/11/2016 21:10:00,Toronto,Eastern Time (US & Canada),194,positive,positive,positive,"RT @JohnKasich: ""A strong America is what the entire world is begging for...""

John Kasich will make it happen. #GOPDebate
https://t.co/lSg??_??_"
ID708501097598623744,Kasich,Michael Colby,3/11/2016 22:53:00,Primary Adjunct: Unimatrix 001,Central Time (US & Canada),94,negative,negative,negative,"RT @TheDailyEdge: ICYMI: Kasich's 2 biggest accomplishments (balanced budget in '90s, better healthcare in Ohio) thanks entirely to Clinton??_??_"
ID708468768222019584,Kasich,WolfNW,3/11/2016 20:44:00,null,Pacific Time (US & Canada),2,neutral,neutral,positive,"RT @TheDailyEdge: Kasich: ""We did great things in DC when Clinton was President. And thanks to Obama's auto bailout, Ohio is booming"" #CNND??_??_"
ID708508192519626753,Kasich,Alex Manbeck,3/11/2016 23:21:00,Canada,Atlantic Time (Canada),5,positive,positive,positive,Kasich sounding good #gopdebate
ID708459285219450880,Kasich,Frank E. Freeman,3/11/2016 20:07:00,null,null,3,neutral,neutral,positive,RT @KLSouth: Pro-Amnesty #Kasich??_??_s big cities are sanctuary cities. And he likes Common Core. #GOPDebate #Ohio #OhioPrimary
ID708491217215082496,Kasich,Thomas Frotten,3/11/2016 22:14:00,null,null,3,neutral,positive,negative,"RT @worldnetdaily: John Kasich: We don't want to ""lock the doors"" on international trade #GOPDebate"
ID708456944432971777,Kasich,betty rook,3/11/2016 19:57:00,null,Arizona,2,negative,negative,negative,"RT @ashishphappd: Kasich benefitted from the other 3 attacking each other constantly. Without that dynamic, he has lost his gimmick. #GOPDe??_??_"
