,id,tweet_id,candidate,tweet_created,tweet_location,user_timezone,text,Yogi tie break,"dr sentiment (1=neg,3=pos,2=unclear)","wm sentiment (1=neg,3=pos,2=unclear)",predictedLabel,maxEntPrediction,maxEntProbability,svmPrediction,svmProbability,glmnetPrediction,glmnetProbability,consensusCount (R ensemble),probabilityLabel (R ensemble),consensusLabel (R ensemble),sentiment (Python lex & ensemble),"ensemble output(pos_prob, neg_prob)",lexicon output,ensemble_pos,ensemble_neg,lexicon_pos,lexicon_neu,lexicon_neg,lexicon_compound,,"""correct"" human label",lean,r ens prob,r maj vot,python ens,"questions, ideas"
697,20697,ID708107583421173760,Donald Trump,3/10/2016 20:49,"Glenville, Minnesota",Central Time (US & Canada),"I'm sorry Reince, but I can't throw away my morals & values to support liberal Trump if he's our nominee. #NeverTrump #GOPDebate",1,1,1,1,1,1,1,0.890151562,1,0.744553587,3,1,1,2,"(0.020339073422511109, 0.97966092657748993)","{'neg': 0.07, 'neu': 0.642, 'pos': 0.289, 'compound': 0.6249}",0.020336985,0.979663015,0.289,0.642,0.07,0.6249,,1,,TRUE,TRUE,FALSE,python - more weight to neg in ensemble
1205,21206,ID708107292848234496,Donald Trump,3/10/2016 20:48,"Minnesota, USA",Central Time (US & Canada),"If the GOP nominee is Trump, I will absolutely not rally behind him #NeverTrump #GOPdebate",1,1,1,1,1,1,1,0.897414258,1,0.867203477,3,1,1,1,"(0.042687453829397287, 0.95731254617060191)","{'neg': 0.0, 'neu': 1.0, 'pos': 0.0, 'compound': 0.0}",0.042538206,0.957461794,0,1,0,0,,1,,TRUE,TRUE,TRUE,
1237,21238,ID708056993165082628,Donald Trump,3/10/2016 17:28,"Florida, USA",none,RT @LdyGuin: These Two Yankees Legends Just Endorsed #Trump https://t.co/g9IrWlu0ic via @dailycaller #GOPDebate #Trump2016 #AlwaysTrump,3,3,3,1,1,0.960325252,1,0.849063273,1,0.834798588,3,1,1,3,"(0.50549455899536599, 0.49450544100463451)","{'neg': 0.0, 'neu': 0.8, 'pos': 0.2, 'compound': 0.25}",0.505370751,0.494629249,0.182,0.818,0,0.25,,3,,FALSE,FALSE,TRUE,lexicon contains trump2016 and alwaystrump?
1327,21328,ID707873022548549633,Donald Trump,3/10/2016 5:17,null,Eastern Time (US & Canada),RT @OCAmericans: Oh my @realDonaldTrump must tackle this monster! Save Ohio! America needs Trump... NOW! #tcot #Trump2016 #GOPdebate  https,3,3,3,1,1,1,1,0.793952931,1,0.728676585,3,1,1,3,"(0.68016656150190968, 0.31983343849809082)","{'neg': 0.0, 'neu': 0.802, 'pos': 0.198, 'compound': 0.4939}",0.680367831,0.319632169,0.186,0.814,0,0.4939,,3,,FALSE,FALSE,TRUE,"should lexicon add ""cheerleader"" tags like cruzcrew and trump2016"
1908,21909,ID708108127023927296,Donald Trump,3/10/2016 20:51,"Huntersville, NC",Eastern Time (US & Canada),"RT @JacobBRichards1: My bold #GOPDebate prediction: no matter what happens on stage, Trump will dominate the Drudge poll and proudly declar",3,3,3,1,3,1,1,0.742957963,1,0.7565687,2,3,1,3,"(0.64375658842592709, 0.35624341157407224)","{'neg': 0.195, 'neu': 0.421, 'pos': 0.384, 'compound': 0.5574}",0.643188275,0.356811725,0.365,0.45,0.185,0.5574,,3,,TRUE,FALSE,TRUE,
2792,22794,ID708107571266232320,Donald Trump,3/10/2016 20:49,"Columbus, OH",Eastern Time (US & Canada),RT @ChestnutPrince: .@realDonaldTrump 'I think Islam hates us'  https://t.co/nQI1NaGfMA #Trump2016 #GOPDebate   Do you agree with him?,2,2,2,1,3,1,1,0.727560108,1,0.533206973,2,3,1,3,"(0.67987713496386226, 0.32012286503613813)","{'neg': 0.309, 'neu': 0.426, 'pos': 0.266, 'compound': -0.1027}",0.680206532,0.319793468,0.24,0.481,0.279,-0.1027,,2,toss,FALSE,FALSE,FALSE,(what is compound and does lex prob ~ similar somehow tell us this is neutral
4928,24932,ID708108800067248130,Donald Trump,3/10/2016 20:54,Pennsylvania,Eastern Time (US & Canada),RT @WayneDupreeShow: Caller 5  from Pittsburgh -Close to 50K have switched to GOP to support Trump  Call in ? 202 470 6738  https://t.co/cS,2,3,2,1,3,1,1,0.770304542,1,0.578575749,2,3,1,3,"(0.57462841923708463, 0.42537158076291631)","{'neg': 0.0, 'neu': 0.748, 'pos': 0.252, 'compound': 0.4019}",0.574867451,0.425132549,0.231,0.769,0,0.4019,retweet + quote sentiment,2,3,FALSE,FALSE,FALSE,(why didn't python catch this as neutral)
4993,24997,ID708108587688706049,Donald Trump,3/10/2016 20:53,New England Sweet New England,Central Time (US & Canada),"RT @igorvolsky: Trump vows to repeal Obamacare, which means 129 million Americans with pre-existing conditions could lose their coverage #G",1,1,2,1,1,1,1,0.867808935,1,0.84430667,3,1,1,1,"(0.079446478839960893, 0.92055352116003819)","{'neg': 0.213, 'neu': 0.787, 'pos': 0.0, 'compound': -0.4019}",0.079200276,0.920799724,0,0.803,0.197,-0.4019,retweet + quote sentiment,1,,TRUE,TRUE,TRUE,check - when does lexicon get it right and when does ensemble get it right
5383,25388,ID708101747617570816,Donald Trump,3/10/2016 20:26,null,none,RT @0boy: Best word to describe Trump: Embarrassing https://t.co/Lu4GjHqfdB #GOPDebate #WakeUpAmerica https://t.co/ATI28TnkCR,1,1,1,1,1,0.999999996,1,0.5610252,3,0.615155083,2,1,1,2,"(0.22067386695929284, 0.77932613304070786)","{'neg': 0.22, 'neu': 0.424, 'pos': 0.356, 'compound': 0.3818}",0.220891275,0.779108725,0.328,0.469,0.203,0.3818,,1,,TRUE,TRUE,FALSE,?wake up america and embarassing
6062,26068,ID708079676086951936,Donald Trump,3/10/2016 18:58,"Georgia, USA",Eastern Time (US & Canada),RT @Trump2016Donald: Trump signs EVERYWHERE in Ohio! #OHPrimary #OhioPrimary #Trump2016 #TrumpTrain #MakeAmericaGreatAgain #GOPDebate https,3,3,3,3,3,0.999999948,1,0.531124612,3,0.584810023,2,3,3,3,"(0.92858291104711232, 0.071417088952886815)","{'neg': 0.0, 'neu': 1.0, 'pos': 0.0, 'compound': 0.0}",0.928572584,0.071427416,0,1,0,0,,3,,TRUE,TRUE,TRUE,lexicon sucked on this
6323,26329,ID708001728931766273,Donald Trump,3/10/2016 13:49,NYC-L.A.-ATL,Quito,This is why Democrats sent Trump as a Trojan horse to @GOP but the GOP won't take the bait. #GOPDebate #DemDebate  https://t.co/lwBUvbcCY8,1,1,1,1,1,1,1,0.926073485,1,0.829564061,3,1,1,2,"(0.23133628193720457, 0.76866371806279599)","{'neg': 0.0, 'neu': 1.0, 'pos': 0.0, 'compound': 0.0}",0.231396847,0.768603153,0,1,0,0,,1,,TRUE,TRUE,FALSE,"ensemble right, lexicon really wrong"
6808,26814,ID708109730531545088,Ted Cruz,3/10/2016 20:58,"Sacramento, CA",Pacific Time (US & Canada),I hate the way Ted Cruz stands on stage with legs so far apart. It's goofy. #GOPDebate https://t.co/hpBu7A6gy5,1,1,1,1,1,1,1,0.84218099,1,0.779723692,3,1,1,1,"(0.32241526073016824, 0.67758473926983187)","{'neg': 0.252, 'neu': 0.748, 'pos': 0.0, 'compound': -0.5719}",0.322275131,0.677724869,0,0.748,0.252,-0.5719,,1,,TRUE,TRUE,TRUE,lexicon - more negative words?
7047,27054,ID708072557342289925,Ted Cruz,3/10/2016 18:30,null,Central Time (US & Canada),RT @peddoc63: My Friends we have a choice! Democrats favorite deal maker or Ted Cruz! #ChooseCruz #CruzCrew #Pjnet #GOPDebate https://t.co/,3,3,1,1,3,1,1,0.595852843,1,0.546455408,2,3,1,3,"(0.78359317208557699, 0.21640682791442431)","{'neg': 0.0, 'neu': 0.621, 'pos': 0.379, 'compound': 0.7269}",0.78365316,0.21634684,0.357,0.643,0,0.7269,"check with Walter, how is this negative for Cruz",3,,TRUE,FALSE,TRUE,lexicon - more positive words?
8202,28210,ID708100937626345473,Marco Rubio,3/10/2016 20:23,Anywhere He Darn Well Pleases,Eastern Time (US & Canada),This is do or die for Rubio. #GOPdebate,2,2,1,3,3,1,3,0.731033652,3,0.587888502,3,3,3,1,"(0.19868167182761312, 0.80131832817238724)","{'neg': 0.661, 'neu': 0.339, 'pos': 0.0, 'compound': -0.5994}",0.198699306,0.801300694,0,0.339,0.661,-0.5994,could go negative or neutral,2,1,FALSE,FALSE,FALSE,lexicon somewhat right on this tweet - its either negative or neutral - it's NOT positive
8297,28305,ID708109381657726976,Donald Trump,3/10/2016 20:56,"Salem, OR",International Date Line West,"RT @IBTimes: Amid the #GOPDebate, Clinton and Sanders condemn the ""repugnant"" violence at Trump rallies https://t.co/21iXk8nEUs https://t.c",1,1,1,1,1,0.999999793,1,0.83951856,1,0.814695069,3,1,1,1,"(0.2506849038424061, 0.74931509615759406)","{'neg': 0.489, 'neu': 0.511, 'pos': 0.0, 'compound': -0.7717}",0.250818044,0.749181956,0,0.544,0.456,-0.7717,,1,,TRUE,TRUE,TRUE,lexicon - more negative words? Repugnant violence
8704,28712,ID708067903627730944,Donald Trump,3/10/2016 18:11,Michigan,Quito,RT @DarkLadyNebula: NOOOooooOOOOo! Donald Trump wouldn't lie to his supporters Say it ain't so Trump say it ain't so?? #GOPDebate  https://,1,1,1,1,1,1,1,0.919178552,1,0.804114259,3,1,1,1,"(0.12632455386678174, 0.87367544613321824)","{'neg': 0.167, 'neu': 0.833, 'pos': 0.0, 'compound': -0.3412}",0.126458342,0.873541658,0,0.844,0.156,-0.3412,,1,,TRUE,TRUE,TRUE,? Ensemble doing well on negative?
8708,28716,ID708092895501361157,Donald Trump,3/10/2016 19:51,Franklin County VA,Eastern Time (US & Canada),"RT @immigrant4trump: Luther Campbell on CNN ""Rappers will support Trump.Trump taps into what people won't say aloud""#Trump2016 #GOPDebate h",3,3,3,1,3,1,1,0.754545571,1,0.515642769,2,3,1,3,"(0.81023401983916676, 0.18976598016083257)","{'neg': 0.0, 'neu': 0.803, 'pos': 0.197, 'compound': 0.4019}",0.810209126,0.189790874,0.184,0.816,0,0.4019,,3,,TRUE,FALSE,TRUE,lexicon didn't do well on this
10248,31494,ID708335055173771265,Donald Trump,3/11/2016 11:53,null,none,"RT @stephenfhayes: Trump on Middle East conflict: ""I was the Grand Marshal of the Israeii Day parade, down 5th Avenue."" #embarrassing #GOPd",1,1,1,1,1,1,1,0.878438656,1,0.84590826,3,1,1,1,"(0.27106942944747936, 0.72893057055252142)","{'neg': 0.274, 'neu': 0.559, 'pos': 0.168, 'compound': -0.2263}",0.271081792,0.728918208,0.159,0.582,0.259,-0.2263,,1,,TRUE,TRUE,TRUE,"lexicon didn't do well on this ""embarassing"""
10378,31624,ID708180522741071872,Donald Trump,3/11/2016 1:39,null,none,I don't know what's scarier..how little Trump knows about government or how little his voters know.  #GOPDebate,1,1,1,1,1,1,1,0.876874621,1,0.867003758,3,1,1,1,"(0.095869549671626211, 0.90413045032837347)","{'neg': 0.0, 'neu': 1.0, 'pos': 0.0, 'compound': 0.0}",0.095760426,0.904239574,0,1,0,0,,1,,TRUE,TRUE,TRUE,lexicon thought neutral
10880,32127,ID708145603432284164,Donald Trump,3/10/2016 23:20,"Foley, AL",none,"RT @yobynnad1127: Wow, #Trump was so on and yes he is right, millions and millions of Muslims hate America.  #GOPDebate https://t.co/Uup8mr",3,3,3,1,3,1,1,0.76113286,1,0.695210401,2,3,1,2,"(0.26573321544614142, 0.73426678455385819)","{'neg': 0.215, 'neu': 0.407, 'pos': 0.378, 'compound': 0.4215}",0.265925766,0.734074234,0.357,0.44,0.203,0.4215,,3,,TRUE,FALSE,FALSE,"?""right""?"
11060,32307,ID708220622107582464,Ted Cruz,3/11/2016 4:18,"British Columbia, Canada",none,"RT @misterdish69: #GOPDebate #Dobbs Exactly, Cruz baited him, he showed class. Although he could have mentioned all the ideas were his http",2,1,3,1,1,1,1,0.875104459,1,0.844263164,3,1,1,1,"(0.18658025387196134, 0.81341974612803758)","{'neg': 0.0, 'neu': 1.0, 'pos': 0.0, 'compound': 0.0}",0.186671148,0.813328852,0,1,0,0,"I did negative since it's about Cruz, not Trump",2,1,FALSE,FALSE,FALSE,lexicon got neutral right
12280,33528,ID708159232466485248,Donald Trump,3/11/2016 0:14,USA,Central Time (US & Canada),@realDonaldTrump @adriparsonss @The_Trump_Train We are voting for trump!  #MakeAmericaGreatAgain #GOPDebate #trumpWins,3,3,3,1,3,1,1,0.686704203,1,0.527898706,2,3,1,2,"(0.28839905693545465, 0.71160094306454569)","{'neg': 0.0, 'neu': 1.0, 'pos': 0.0, 'compound': 0.0}",0.288322938,0.711677062,0,1,0,0,,3,,TRUE,FALSE,FALSE,"lexicon ""MakeAmericanGreatAgain"", TrumpWins"
12696,33944,ID708166463467577344,Ted Cruz,3/11/2016 0:43,Sydney,none,"RT @TheDailyEdge: Cruz: ""We need to show respect to the people. Except the gays. I will carpet bomb the gays"" #CNNDebate #GOPDebate https:/",1,1,1,1,1,1,1,0.876143354,1,0.851392937,3,1,1,1,"(0.20022201110103308, 0.79977798889896745)","{'neg': 0.185, 'neu': 0.636, 'pos': 0.179, 'compound': -0.0258}",0.199751332,0.800248668,0.169,0.656,0.175,-0.0258,,1,,TRUE,TRUE,TRUE,? Gays ? Hard to see
14361,35611,ID708146565530030080,Ted Cruz,3/10/2016 23:24,null,none,"CRUZ: ""Obamacare hurts ppl on the bottom encouraging them..."" @Mellynjess @AuntLulie #GOPDebate #RBRadio https://t.co/XAxk8Jlcl8",3,1,2,1,3,1,1,0.875585831,1,0.827608316,2,3,1,2,"(0.23564545761300612, 0.76435454238699363)","{'neg': 0.248, 'neu': 0.48, 'pos': 0.272, 'compound': 0.0772}",0.235755221,0.764244779,0.272,0.48,0.248,0.0772,ok with neutral,3,,TRUE,FALSE,FALSE,humans disagreed - so neutral best bet here
15135,36386,ID708144398941327360,Donald Trump,3/10/2016 23:15,"Sugar Land, Texas",none,RT @Shooters_Wife: It seems very painful for Trump when he has to resort to using Ted's talking points on SCOTUS.  #GOPDebate #CNNDebate,1,1,1,1,1,1,1,0.847951687,1,0.834443385,3,1,1,1,"(0.30105840023228575, 0.69894159976771453)","{'neg': 0.225, 'neu': 0.775, 'pos': 0.0, 'compound': -0.4404}",0.300918702,0.699081298,0,0.791,0.209,-0.4404,,1,,TRUE,TRUE,TRUE,Doyle - look at if all agree - how is that accuracy?
15600,36851,ID708145311537958912,Donald Trump,3/10/2016 23:19,"Tulsa, OK",Mountain Time (US & Canada),RT @karenbates: Trump says he doesn't condone violence at his rallies.  Then Tappart quotes many of his utterances encouraging violence. #G,1,1,1,1,1,1,1,0.933417544,1,0.877421656,3,1,1,3,"(0.079856180187572873, 0.92014381981242721)","{'neg': 0.0, 'neu': 0.474, 'pos': 0.526, 'compound': 0.8746}",0.079839584,0.920160416,0.5,0.5,0,0.8746,,1,,TRUE,TRUE,FALSE,"""violence"" - why wasn't p-ensemble used here (what is ensemble's rate like?)"
16277,37529,ID708399538420236288,Donald Trump,3/11/2016 16:09,Boston Area,none,RT @GinaLiggett: #GOPDebate Trump will NOT have the delegates. Because too many Americans see how ill-equipped he is intellectually & emoti,1,1,1,1,1,0.999999998,1,0.878439917,1,0.880784801,3,1,1,2,"(0.043755866562282288, 0.95624413343771819)","{'neg': 0.0, 'neu': 0.769, 'pos': 0.231, 'compound': 0.34}",0.043580253,0.956419747,0.211,0.789,0,0.34,,1,,TRUE,TRUE,FALSE,"same as above ""ill-equipped"""
17579,38832,ID708166119287234560,Donald Trump,3/11/2016 0:42,Welcome to the Velvet Room.,Athens,"RT @freedominguez: Thank you Trump for explaining racist and violent acts as ""people with love for their country"" i feel so much better now",1,1,1,1,1,1,1,0.776032016,1,0.631347615,3,1,1,2,"(0.1974028626534122, 0.80259713734658666)","{'neg': 0.31, 'neu': 0.314, 'pos': 0.376, 'compound': 0.1779}",0.197792166,0.802207834,0.362,0.34,0.298,0.1779,,1,,TRUE,TRUE,FALSE,racist and violent - p-ensemble better
18920,40175,ID708141425632776192,Donald Trump,3/10/2016 23:04,null,none,Trump: If we lose this election it will take CENTURIES to win back the SCOTUS.  This dude is such a dipshit.   #GOPDebate,1,1,1,1,1,0.999807006,1,0.802233672,1,0.813289417,3,1,1,1,"(0.26312809023069889, 0.7368719097693015)","{'neg': 0.33, 'neu': 0.455, 'pos': 0.216, 'compound': -0.25}",0.262776812,0.737223188,0.216,0.455,0.33,-0.25,,1,,TRUE,TRUE,TRUE,dipshit
19073,40328,ID708140534611611648,Donald Trump,3/10/2016 23:00,Baltimore,Eastern Time (US & Canada),RT @morningmoneyben: Who are these people offering Trump illegal campaign donations of $5 million to $10 million? #GOPDebate,1,1,1,1,1,1,1,0.894947675,1,0.850066239,3,1,1,1,"(0.051072430393894898, 0.94892756960610558)","{'neg': 0.31, 'neu': 0.69, 'pos': 0.0, 'compound': -0.5574}",0.051038351,0.948961649,0,0.714,0.286,-0.5574,,1,,TRUE,TRUE,TRUE,p-ensemble really right
19291,40546,ID708149551119474688,Donald Trump,3/10/2016 23:36,layton utah,none,"RT @KLSouth: #Trump is correct, we own China. Where will they sell their stuff if we dont buy it? We have great leverage. #GOPDebate",3,3,3,1,1,1,1,0.827819302,1,0.692986087,3,1,1,1,"(0.17133770792605976, 0.8286622920739396)","{'neg': 0.268, 'neu': 0.732, 'pos': 0.0, 'compound': -0.5096}",0.1704355,0.8295645,0,0.752,0.248,-0.5096,,3,,FALSE,FALSE,FALSE,?great?
19759,41015,ID708141132333449217,Ted Cruz,3/10/2016 23:02,ATL - Ann Arbor - Baltimore,Eastern Time (US & Canada),RT @ajplus: Cruz says Barack Obama's presidency has been the laughing stock of the world.  Let's think about that. #GOPDebate https://t.co/,1,1,1,1,1,1,1,0.873778272,1,0.853467294,3,1,1,2,"(0.2625955438008456, 0.73740445619915551)","{'neg': 0.0, 'neu': 0.758, 'pos': 0.242, 'compound': 0.4939}",0.262926909,0.737073091,0.225,0.775,0,0.4939,,1,,TRUE,TRUE,FALSE,p-ensemble was right
20090,41346,ID708283414110019590,Ted Cruz,3/11/2016 8:28,null,none,"RT @TeamMarcoWestPA: Ted Cruz starts inviting other candidates' supporters to join his team. The crowd starts chanting ""MAR-CO! MAR-CO! MAR",1,1,1,1,1,1,1,0.83839477,1,0.815380204,3,1,1,3,"(0.44890005871648991, 0.55109994128351092)","{'neg': 0.0, 'neu': 0.549, 'pos': 0.451, 'compound': 0.7506}",0.448978243,0.551021757,0.425,0.575,0,0.7506,,1,,TRUE,TRUE,FALSE,p-ensemble had a hint here
21204,42461,ID708141178101895168,Donald Trump,3/10/2016 23:03,"North Carolina, USA",Eastern Time (US & Canada),RT @CeeJayCraig: How is Trump going to talk about embracing new people to the GOP when he: 1) kicks them out of debates 2) isn't even Rep,1,1,1,1,1,1,1,0.876882738,1,0.872939266,3,1,1,1,"(0.011726772452766494, 0.98827322754723435)","{'neg': 0.0, 'neu': 1.0, 'pos': 0.0, 'compound': 0.0}",0.01171607,0.98828393,0,1,0,0,,1,,TRUE,TRUE,TRUE,
21454,42711,ID708278947121917952,Donald Trump,3/11/2016 8:10,null,Eastern Time (US & Canada),"RT @viciousbabushka: Donald Trump gets claim about U.S. GDP really, really wrong #tcot #UniteBlue #GOPDebate https://t.co/FVtvqPgIHF https:",1,1,1,1,1,1,1,0.912517042,1,0.847892582,3,1,1,1,"(0.023570327081271672, 0.97642967291872862)","{'neg': 0.25, 'neu': 0.75, 'pos': 0.0, 'compound': -0.5678}",0.023519422,0.976480578,0,0.766,0.234,-0.5678,,1,,TRUE,TRUE,TRUE,
22015,43273,ID708143704406515712,Donald Trump,3/10/2016 23:13,Malaysia..,none,"RT @ReutersLive: ""There's nobody on this stage that is more pro-Israel than me,"" Trump says at #GOPDebate. https://t.co/pWRty4ERbv",2,2,2,1,1,1,1,0.838340941,1,0.850529076,3,1,1,1,"(0.15502082227868832, 0.84497917772131137)","{'neg': 0.0, 'neu': 1.0, 'pos': 0.0, 'compound': 0.0}",0.154997269,0.845002731,0,1,0,0,,2,3,FALSE,FALSE,FALSE,lexicon was right?
22051,43309,ID708266297335877633,Donald Trump,3/11/2016 7:20,null,none,.@RealDonaldTrump #Trump2016 The #KingofLosers: #GOPDebate: Another Loser: Trump Marks Atlanta LLC,1,1,1,1,1,1,1,0.872688535,1,0.658530378,3,1,1,1,"(0.27753103655334971, 0.72246896344665001)","{'neg': 0.298, 'neu': 0.702, 'pos': 0.0, 'compound': -0.5267}",0.277681664,0.722318336,0,0.702,0.298,-0.5267,,1,,TRUE,TRUE,TRUE,
22236,43494,ID708254509341020160,Donald Trump,3/11/2016 6:33,NC,Eastern Time (US & Canada),"RT @FoxNews: .@krauthammer on #GOPDebate: ""The kind of thing that would've been needed to slow down the Trump train simply didn't happen to",3,2,3,1,1,1,1,0.903272433,1,0.857178016,3,1,1,2,"(0.14146905388234191, 0.85853094611765857)","{'neg': 0.0, 'neu': 0.746, 'pos': 0.254, 'compound': 0.5267}",0.141429926,0.858570074,0.236,0.764,0,0.5267,retweet + quote sentiment case?,3,,FALSE,FALSE,FALSE,
22512,43770,ID708160546290307072,Ted Cruz,3/11/2016 0:20,Wanna be in NYC,Atlantic Time (Canada),RT @WayneDupreeShow: Cruz - we're going to build a wall....damn I know I've heard that before #justsaying  #GOPDebate #WAARadio,1,1,1,1,1,1,1,0.853722556,1,0.829181367,3,1,1,1,"(0.22708229463760521, 0.77291770536239524)","{'neg': 0.197, 'neu': 0.803, 'pos': 0.0, 'compound': -0.4019}",0.160408279,0.839591721,0,0.816,0.184,-0.4019,,1,,TRUE,TRUE,TRUE,
23277,44536,ID708304196571770880,Donald Trump,3/11/2016 9:50,"Providence Towers, Dallas, USA",Central Time (US & Canada),"RT @WayneDupreeShow: Trump on whether he still believes  1.6 billion Muslims hate us....  Yes, I meant a lot of 'em  #GOPDebate #WAARadio #",2,2,2,1,1,1,1,0.883035802,1,0.813315511,3,1,1,1,"(0.018086462660367425, 0.98191353733963294)","{'neg': 0.213, 'neu': 0.632, 'pos': 0.155, 'compound': -0.25}",0.018093691,0.981906309,0.147,0.652,0.201,-0.25,,2,1,FALSE,FALSE,FALSE,
23296,44555,ID708193018499575809,Donald Trump,3/11/2016 2:29,null,none,"RT @KyleKulinski: Trump: ""We have some protesters who are bad dudes, they've done bad things"" RIP, first amendment. #GOPDebate",1,1,1,1,1,1,1,0.88475954,1,0.782352572,3,1,1,1,"(0.17943779449937092, 0.82056220550062797)","{'neg': 0.497, 'neu': 0.503, 'pos': 0.0, 'compound': -0.836}",0.179790823,0.820209177,0,0.529,0.471,-0.836,,1,,TRUE,TRUE,TRUE,
24106,45366,ID708149646204542977,Donald Trump,3/10/2016 23:36,"Ulster County, New York, USA",Pacific Time (US & Canada),"RT @loudobbsnews: Trump proved he can be constrained for two hours, calm despite provocation  Great work, great close. Great Job. #Dobbs #G",3,3,3,3,3,1,3,0.69118128,3,0.75207258,3,3,3,2,"(0.64619339075511262, 0.35380660924488644)","{'neg': 0.478, 'neu': 0.424, 'pos': 0.098, 'compound': -0.8394}",0.712202031,0.287797969,0.094,0.447,0.459,-0.8394,,3,,TRUE,TRUE,FALSE,
25670,46931,ID708504063273410560,Donald Trump,3/11/2016 23:05,null,none,RT @kindcutesteve: Per #GOPDebate this tweet brilliantly summarizes how frightening Trump is as GOP frontrunner #p2 #AINF #TNTVote https://,1,1,1,1,1,0.999965232,1,0.892164334,1,0.713221277,3,1,1,2,"(0.38271193520082764, 0.61728806479917298)","{'neg': 0.176, 'neu': 0.604, 'pos': 0.22, 'compound': 0.2023}",0.382593896,0.617406104,0.208,0.625,0.167,0.2023,,1,,TRUE,TRUE,FALSE,
26202,47464,ID708361542320795648,Ted Cruz,3/11/2016 13:38,Evans Georgia,none,"RT @DefendingtheUSA: Ted Cruz just said ""Government is the Problem"" TRUE, the DC Establishment  Cruz has been part of and STILL IS along w/",1,1,1,1,1,1,1,0.84159513,1,0.819213302,3,1,1,2,"(0.4466785297882474, 0.55332147021175182)","{'neg': 0.174, 'neu': 0.645, 'pos': 0.181, 'compound': 0.0258}",0.446563855,0.553436145,0.17,0.667,0.164,0.0258,,1,,TRUE,TRUE,FALSE,
27585,48848,ID708154009727541249,Ted Cruz,3/10/2016 23:54,null,none,RT @asamjulian: Cruz came off as a petulant little child tonight. I pray that everyone watching sees what a phony this guy is. #GOPDebate,1,1,1,1,3,1,1,0.883527009,1,0.853907017,2,3,1,2,"(0.35127026529143662, 0.64872973470856221)","{'neg': 0.0, 'neu': 0.855, 'pos': 0.145, 'compound': 0.2585}",0.351406511,0.648593489,0.135,0.865,0,0.2585,,1,,FALSE,TRUE,FALSE,
27883,49147,ID708154094519721984,Ted Cruz,3/10/2016 23:54,a Popeyes organization,Eastern Time (US & Canada),"RT @HuffingtonPost: Cruz: ""We never targeted innocent civilians, and we're not gonna start now."" #GOPDebate",3,3,2,1,1,0.999999306,1,0.891918826,1,0.844425645,3,1,1,1,"(0.19420377370648825, 0.80579622629351066)","{'neg': 0.169, 'neu': 0.831, 'pos': 0.0, 'compound': -0.2584}",0.127649628,0.872350372,0,0.844,0.156,-0.2584,ok with neutral,3,,FALSE,FALSE,FALSE,
30119,51385,ID708147070473875456,Donald Trump,3/10/2016 23:26,"Seattle, Washington",Eastern Time (US & Canada),"RT @harikondabolu: You know Donald Trump is good at business because he uses insider terms like ""deal"" & ""negotiate"" as much as possible. #",1,1,1,1,1,1,1,0.756761437,1,0.747220883,3,1,1,2,"(0.091794273401657286, 0.90820572659834176)","{'neg': 0.0, 'neu': 0.671, 'pos': 0.329, 'compound': 0.6597}",0.092911361,0.907088639,0.31,0.69,0,0.6597,,1,,TRUE,TRUE,FALSE,
30543,51809,ID708143297676615680,Donald Trump,3/10/2016 23:11,Louisiana,America/Chicago,RT @FullMtlPatriot: Did it look to anyone else that Donald Trump slouched off the stage? He looked defeated. #GOPDebate,1,1,1,1,1,1,1,0.919859574,1,0.854548513,3,1,1,1,"(0.086239162179338136, 0.91376083782066253)","{'neg': 0.256, 'neu': 0.744, 'pos': 0.0, 'compound': -0.4767}",0.086222716,0.913777284,0,0.763,0.237,-0.4767,,1,,TRUE,TRUE,TRUE,
31146,52413,ID708286542184194052,Donald Trump,3/11/2016 8:40,null,Atlantic Time (Canada),"RT @guypbenson: ""I beat Hillary in many of the polls."" - Trump at #GOPDebate  The polls: https://t.co/7sWHYOBtVv",1,1,1,1,3,1,1,0.778299077,1,0.824977482,2,3,1,2,"(0.37657870775610641, 0.62342129224389353)","{'neg': 0.0, 'neu': 1.0, 'pos': 0.0, 'compound': 0.0}",0.376671982,0.623328018,0,1,0,0,,1,,FALSE,TRUE,FALSE,
31195,52462,ID708157999509065728,Donald Trump,3/11/2016 0:09,nyc,Eastern Time (US & Canada),"RT @thehill: Trump: GOP establishment ""should embrace what's happening"" https://t.co/4Eq8DijzPa #GOPdebate https://t.co/34lwgiZW0N",2,3,2,1,1,1,1,0.912331132,1,0.819321038,3,1,1,3,"(0.36756496226602003, 0.63243503773398035)","{'neg': 0.0, 'neu': 0.753, 'pos': 0.247, 'compound': 0.3182}",0.367587305,0.632412695,0.223,0.777,0,0.3182,retweet + quote sentiment case,2,3,FALSE,FALSE,FALSE,what is compound and why didn't lexicon vote of neutral work here? Why is overall  vote 3 for p-ensemble
31683,52950,ID708154949738356736,Donald Trump,3/10/2016 23:57,null,Eastern Time (US & Canada),RT @christinawilkie: Young black college student who was curious about Trump got thrown out and then attacked. Dude. America. #GOPDebate  h,1,1,1,1,1,1,1,0.893333251,1,0.841410113,3,1,1,1,"(0.044797151058042189, 0.95520284894195617)","{'neg': 0.196, 'neu': 0.654, 'pos': 0.15, 'compound': -0.1779}",0.04497897,0.95502103,0.141,0.675,0.184,-0.1779,,1,,TRUE,TRUE,TRUE,
31815,53083,ID708146083164065792,Donald Trump,3/10/2016 23:22,null,Pacific Time (US & Canada),"RT @pattonoswalt: ""I fellated Bruce Willis at Limelight in 1988 and I'm still less gay than these 3 limpdicks."" -- Trump #GOPDebate",1,1,1,1,1,1,1,0.880916321,1,0.819158272,3,1,1,2,"(0.34891936975691301, 0.65108063024308738)","{'neg': 0.0, 'neu': 1.0, 'pos': 0.0, 'compound': 0.0}",0.348970212,0.651029788,0,1,0,0,,1,,TRUE,TRUE,FALSE,
32674,53942,ID708173485932093440,Donald Trump,3/11/2016 1:11,null,none,"RT @guypbenson: ""I beat Hillary in many of the polls."" - Trump at #GOPDebate  The polls: https://t.co/7sWHYOBtVv",1,1,1,1,3,1,1,0.778299077,1,0.824977482,2,3,1,2,"(0.37657870775610641, 0.62342129224389353)","{'neg': 0.0, 'neu': 1.0, 'pos': 0.0, 'compound': 0.0}",0.376671982,0.623328018,0,1,0,0,,1,,FALSE,TRUE,FALSE,
32755,54023,ID708152877676695552,Donald Trump,3/10/2016 23:49,null,none,"RT @WayneDupreeShow: LOL....Trump ends like he starts - Unity, crossover, we must beat the Democratic party  #GOPDebate #WAARadio #AlwaysTr",1,3,1,1,1,0.99997732,1,0.83070129,1,0.852014379,3,1,1,3,"(0.31076920814783709, 0.68923079185216307)","{'neg': 0.0, 'neu': 0.579, 'pos': 0.421, 'compound': 0.7906}",0.310812349,0.689187651,0.4,0.6,0,0.7906,always trump?,1,,TRUE,TRUE,FALSE,
33965,55235,ID708143670730555392,Donald Trump,3/10/2016 23:13,"Anytown, NJ",Eastern Time (US & Canada),RT @Brenkoski: @WayneDupreeShow He sure did Wayne it was by far the BEST #GOPDebate Trump had a GREAT night! Loved it,3,3,3,3,3,1,3,0.904056122,3,0.924813328,3,3,3,3,"(0.7989412784254899, 0.20105872157450891)","{'neg': 0.0, 'neu': 0.256, 'pos': 0.744, 'compound': 0.9382}",0.79894235,0.20105765,0.707,0.293,0,0.9382,,3,,TRUE,TRUE,TRUE,
36231,57503,ID708141191053897728,Ted Cruz,3/10/2016 23:03,"Wyomissing, PA",none,Who would have thought Ted Cruz would be sold as the not-crazy-dangerous candidate? #GOPDebate #HesStillTedCruz #YeahThatTedCruz #The2016GOP,1,1,1,1,1,0.999836117,1,0.779163287,1,0.826758113,3,1,1,2,"(0.43246041347698938, 0.56753958652301029)","{'neg': 0.0, 'neu': 1.0, 'pos': 0.0, 'compound': 0.0}",0.432894335,0.567105665,0,1,0,0,,1,,TRUE,TRUE,FALSE,
36535,57807,ID708188037952380928,Ted Cruz,3/11/2016 2:09,"Durango, CO",Mountain Time (US & Canada),RT @John_Wayne1111: Cruz will give our military the rules and the tools to win! #GOPDebate #CruzCrew,3,3,3,1,3,1,1,0.71107962,1,0.649162339,2,3,1,3,"(0.55579501981986346, 0.44420498018013616)","{'neg': 0.0, 'neu': 0.648, 'pos': 0.352, 'compound': 0.5859}",0.555752317,0.444247683,0.322,0.678,0,0.5859,,3,,TRUE,FALSE,TRUE,
37091,58364,ID708144180904615936,Donald Trump,3/10/2016 23:15,null,none,RT @peaceandjoy101: Truth Bomb! Without a doubt  #Trump was the clear winner of 2nights debate.He is the only choice to #MakeAmericaGreatAg,3,3,3,1,3,1,1,0.509094849,1,0.554403586,2,3,1,3,"(0.80897390820840809, 0.19102609179159144)","{'neg': 0.29, 'neu': 0.269, 'pos': 0.442, 'compound': 0.4265}",0.808955683,0.191044317,0.419,0.306,0.275,0.4265,,3,,TRUE,FALSE,TRUE,
37613,58886,ID708165491450183681,Donald Trump,3/11/2016 0:39,Alabama,Central Time (US & Canada),"RT @KatiePavlich: When I asked Trump about the bruises on her arm, he said ""Well I don't know how they got there"" #GOPDebate",1,1,1,1,1,1,1,0.879362516,1,0.867003289,3,1,1,2,"(0.14172936943786052, 0.85827063056213915)","{'neg': 0.0, 'neu': 0.811, 'pos': 0.189, 'compound': 0.2732}",0.141761231,0.858238769,0.174,0.826,0,0.2732,,1,,TRUE,TRUE,FALSE,
38446,59720,ID708260314555375617,Donald Trump,3/11/2016 6:56,"Arizona, USA",none,RT @BelleForTrump: @veganvecoh Everyone in Florida Loves Trump #Trump #Trump2016 #TrumpTrain #GOPDebate,3,3,3,1,1,1,1,0.824838947,3,0.536389287,2,1,1,3,"(0.70444994028370767, 0.29555005971629195)","{'neg': 0.0, 'neu': 0.654, 'pos': 0.346, 'compound': 0.5719}",0.704607902,0.295392098,0.316,0.684,0,0.5719,,3,,FALSE,FALSE,TRUE,
39038,60313,ID708146970624401408,Donald Trump,3/10/2016 23:26,Novum Hispania,none,RT @TaxWallStParty: #GOPDebate -#Trump brags Hebrought #LunaticFringe back into US politics-World is talking? World is vomiting! Trump wors,1,1,1,1,1,1,1,0.897944651,1,0.804114259,3,1,1,1,"(0.044182086733982051, 0.95581791326601706)","{'neg': 0.0, 'neu': 1.0, 'pos': 0.0, 'compound': 0.0}",0.044175172,0.955824828,0,1,0,0,,1,,TRUE,TRUE,TRUE,
41118,62395,ID708143127010406400,Donald Trump,3/10/2016 23:10,"Fort Mill, SC",Eastern Time (US & Canada),RT @Ricky_Vaughn99: TRUMP JUST BLEW THE NAZI GERMANY QUESTION OUT OF THE FUCKING PLANET! #GOPDebate,1,3,1,1,1,1,1,0.918160327,1,0.870750935,3,1,1,1,"(0.057146435356294399, 0.94285356464370507)","{'neg': 0.0, 'neu': 1.0, 'pos': 0.0, 'compound': 0.0}",0.057179709,0.942820291,0,1,0,0,ok with negative - can't tell if Trump helped defuse that argument or helped support it,1,,TRUE,TRUE,TRUE,
41548,62825,ID708286241570041856,Ted Cruz,3/11/2016 8:39,"Houston, TX",none,"RT @ChgocadChic: #GOPdebate As Ted Cruz said, Big govt is the problem! Less govt means more Freedom. The fewer the bureaucrats, the more pr",3,3,2,1,1,1,1,0.869476161,1,0.845627848,3,1,1,2,"(0.45769725437079134, 0.54230274562920799)","{'neg': 0.145, 'neu': 0.644, 'pos': 0.211, 'compound': 0.3041}",0.457773562,0.542226438,0.2,0.662,0.138,0.3041,ok with neutral ,3,,FALSE,FALSE,FALSE,
41703,62980,ID708147815034331136,Donald Trump,3/10/2016 23:29,DC ,Eastern Time (US & Canada),"RT @guypbenson: ""I beat Hillary in many of the polls."" - Trump at #GOPDebate  The polls: https://t.co/7sWHYOBtVv",1,1,1,1,3,1,1,0.778299077,1,0.824977482,2,3,1,2,"(0.37657870775610641, 0.62342129224389353)","{'neg': 0.0, 'neu': 1.0, 'pos': 0.0, 'compound': 0.0}",0.376671982,0.623328018,0,1,0,0,,1,,FALSE,TRUE,FALSE,
42542,63820,ID708149097685983233,Donald Trump,3/10/2016 23:34,null,none,"RT @sjauhar: Trump on Hillary: ""I haven't even started on her yet."" So menacing and creepy. #GOPDebate",1,1,1,1,1,1,1,0.841092082,1,0.809381019,3,1,1,1,"(0.15433703057813034, 0.84566296942186925)","{'neg': 0.0, 'neu': 1.0, 'pos': 0.0, 'compound': 0.0}",0.154663934,0.845336066,0,1,0,0,,1,,TRUE,TRUE,TRUE,
43264,64543,ID708156971787091969,Donald Trump,3/11/2016 0:05,null,Eastern Time (US & Canada),"RT @AnnTelnaes: Trump: ""There's great love for this country"" #GOPDebate https://t.co/1xmNnTGULr",3,3,2,3,3,1,3,0.582735641,3,0.793757007,3,3,3,3,"(0.75791587196935017, 0.2420841280306496)","{'neg': 0.0, 'neu': 0.325, 'pos': 0.675, 'compound': 0.8519}",0.758089271,0.241910729,0.624,0.376,0,0.8519,retweet + quote sentiment case,3,,TRUE,TRUE,TRUE,
43525,64804,ID708479971765846016,Ted Cruz,3/11/2016 21:29,"South Dakota, USA",Central Time (US & Canada),RT @HlLLARY: Ted Cruz just said Obama doesn't think about the American people and is a dictator. The same man who gave 20 million healthcar,1,1,1,1,1,1,1,0.908176695,1,0.893421056,3,1,1,1,"(0.071006465306760316, 0.92899353469323975)","{'neg': 0.0, 'neu': 1.0, 'pos': 0.0, 'compound': 0.0}",0.071011066,0.928988934,0,1,0,0,,1,,TRUE,TRUE,TRUE,
44411,65691,ID708148646756405250,Donald Trump,3/10/2016 23:32,USA,none,"RT @EmilyMiller: Last words from Trump to Florida voters: ""Be smart and unify."" #GOPDebate",3,3,3,1,1,0.999964752,1,0.831968106,1,0.785988498,3,1,1,3,"(0.33281998942943652, 0.6671800105705642)","{'neg': 0.0, 'neu': 0.722, 'pos': 0.278, 'compound': 0.4019}",0.333058548,0.666941452,0.252,0.748,0,0.4019,,3,,FALSE,FALSE,TRUE,
45005,66286,ID708156382915080192,Ted Cruz,3/11/2016 0:03,Indy,Central Time (US & Canada),RT @MattMackowiak: Excellent closing statement from Cruz. #GOPDebate,3,3,3,3,3,1,3,0.528944223,3,0.608448184,3,3,3,3,"(0.76785525953051936, 0.23214474046948053)","{'neg': 0.0, 'neu': 0.519, 'pos': 0.481, 'compound': 0.5719}",0.767790754,0.232209246,0.425,0.575,0,0.5719,,3,,TRUE,TRUE,TRUE,
45774,67056,ID708144383271395328,Donald Trump,3/10/2016 23:15,null,none,"RT @LindaSuhler: Donald Trump calls for ""Unity"" in his final statement. Says it all.  #GOPDebate #Trump2016",3,3,3,1,3,1,1,0.837306105,1,0.79815346,2,3,1,2,"(0.43201908764906261, 0.56798091235093662)","{'neg': 0.0, 'neu': 1.0, 'pos': 0.0, 'compound': 0.0}",0.432138988,0.567861012,0,1,0,0,,3,,TRUE,FALSE,FALSE,
45839,67121,ID708144264702636032,Ted Cruz,3/10/2016 23:15,"Atlanta, Ga.",Eastern Time (US & Canada),"Post debate: Cruz said he was glad not to see personal attacks. Glad to see lack of ""body parts"" discussion. #GOPDebate     Aren't we all.",3,2,1,1,1,1,1,0.770827489,1,0.741809749,3,1,1,2,"(0.084235445659592803, 0.91576455434040938)","{'neg': 0.097, 'neu': 0.548, 'pos': 0.355, 'compound': 0.7274}",0.084522858,0.915477142,0.355,0.548,0.097,0.7274,doesn't seem negative to Cruz?,3,,FALSE,FALSE,FALSE,
46301,67583,ID708449810488033280,Donald Trump,3/11/2016 19:29,Right where I want to be,none,#lol #2a #guns #maga #memes #MakeAmericaGreatAgain #AlwaysTrump #gopdebate Donald Trump @DonnyTrumpy #funny #FSF #jc https://t.co/M3NqR72CaN,3,3,2,1,1,1,1,0.805509545,1,0.720351433,3,1,1,3,"(0.39387569995491495, 0.60612430004508544)","{'neg': 0.0, 'neu': 0.659, 'pos': 0.341, 'compound': 0.6908}",0.395072302,0.604927698,0.341,0.659,0,0.6908,ok with neutral,3,,FALSE,FALSE,TRUE,
46411,67693,ID708142990401740800,Donald Trump,3/10/2016 23:10,"Marksville, La",Tehran,"John Adams: ""Facts are stubborn things.""  Joe Friday: ""Just the facts, ma'am""  Donald Trump: ""Facts? What are those?""  #GOPDebate #GOP",1,1,1,1,1,1,1,0.906671224,1,0.870396472,3,1,1,1,"(0.25468829168460067, 0.74531170831539983)","{'neg': 0.172, 'neu': 0.828, 'pos': 0.0, 'compound': -0.4019}",0.254621498,0.745378502,0,0.828,0.172,-0.4019,,1,,TRUE,TRUE,TRUE,
46765,68048,ID708140512587284480,Donald Trump,3/10/2016 23:00,null,none,RT @ChristiChat: #TRUMP Strong means Strong  Strong does not mean endorse  Politicians & Media don't understand everyday Americans or facts,3,3,3,1,1,1,1,0.856255426,1,0.649215928,3,1,1,2,"(0.044652935962314226, 0.95534706403768521)","{'neg': 0.086, 'neu': 0.481, 'pos': 0.433, 'compound': 0.8376}",0.044630173,0.955369827,0.415,0.503,0.082,0.8376,,3,,FALSE,FALSE,FALSE,
46790,68073,ID708313207253782530,Ted Cruz,3/11/2016 10:26,"Oregon, USA",Arizona,RT @bcwilliams92: Ted Cruz: 'Democrats View Illegal Immigrants as Potential Voters'  https://t.co/ESQGuPgIvD #GOPDebate #CruzCrew https://t,3,3,2,1,3,1,1,0.8188652,1,0.666445163,2,3,1,2,"(0.50115556780536397, 0.49884443219463587)","{'neg': 0.286, 'neu': 0.714, 'pos': 0.0, 'compound': -0.5574}",0.501206918,0.498793082,0,0.735,0.265,-0.5574,retweet + quote sentiment case,3,,TRUE,FALSE,FALSE,
48052,69336,ID708143376663642112,Donald Trump,3/10/2016 23:11,null,none,RT @AnneBayefsky: Trump: We were having fun. That's why people like our rallies & come out. A disgrace to equate that to Hitler! Total dist,3,3,2,1,1,1,1,0.908416735,1,0.822666383,3,1,1,1,"(0.034518906953822169, 0.96548109304617791)","{'neg': 0.178, 'neu': 0.5, 'pos': 0.322, 'compound': 0.3818}",0.034622776,0.965377224,0.305,0.526,0.168,0.3818,retweet + quote sentiment case,3,,FALSE,FALSE,FALSE,
48098,69382,ID708312699747377152,Donald Trump,3/11/2016 10:24,"Chapel Hill, NC",none,"RT @ryanstruyk: Trump calls a majority -- 50 percent plus one -- a core idea in mathematics, a ""very random number"" that was ""set by somebo",1,1,1,1,1,0.918598329,1,0.767275592,1,0.857518215,3,1,1,1,"(0.071994648969091038, 0.92800535103090886)","{'neg': 0.0, 'neu': 0.902, 'pos': 0.098, 'compound': 0.0772}",0.071863122,0.928136878,0.091,0.909,0,0.0772,,1,,TRUE,TRUE,TRUE,
48143,69427,ID708430611086610433,Ted Cruz,3/11/2016 18:13,"Mesquite, TX",Mountain Time (US & Canada),RT @FrankLuntz: Ted Cruz's focus group dials hits 98 with his attack on media bias. ?  That's the highest score we've ever measured. EVER. ,2,2,3,1,3,1,1,0.886952089,1,0.776664037,2,3,1,2,"(0.53403636888242922, 0.46596363111757017)","{'neg': 0.243, 'neu': 0.757, 'pos': 0.0, 'compound': -0.5423}",0.533980853,0.466019147,0,0.769,0.231,-0.5423,dr = ok with positive or neutral label,2,3,FALSE,FALSE,TRUE,toss
49251,70536,ID708141735063359488,Donald Trump,3/10/2016 23:05,Maryland,Eastern Time (US & Canada),#GOPDebate Always loved the #Republican party & will continue. #Trump stop disrespecting & this is not a prerecorded reality show.,1,1,1,1,1,1,1,0.560449865,1,0.599975648,3,1,1,3,"(0.39976838194723913, 0.60023161805276148)","{'neg': 0.117, 'neu': 0.532, 'pos': 0.351, 'compound': 0.6597}",0.399497377,0.600502623,0.351,0.532,0.117,0.6597,,1,,TRUE,TRUE,FALSE,
51080,72367,ID708148264038764544,Donald Trump,3/10/2016 23:31,Chicago,Central Time (US & Canada),RT @business: Correction: Trump doesnt disavow comments on Muslim hatred https://t.co/bQQaLGE9uB #GOPdebate https://t.co/Pbm2PeerSm,1,1,1,1,1,1,1,0.925138777,1,0.88135061,3,1,1,1,"(0.18599369152916687, 0.81400630847083344)","{'neg': 0.375, 'neu': 0.625, 'pos': 0.0, 'compound': -0.6369}",0.186092531,0.813907469,0,0.656,0.344,-0.6369,,1,,TRUE,TRUE,TRUE,
51275,72562,ID708149593515536385,Donald Trump,3/10/2016 23:36,Salt Lake City,America/Denver,"RT @guypbenson: ""I beat Hillary in many of the polls."" - Trump at #GOPDebate  The polls: https://t.co/7sWHYOBtVv",1,1,1,1,3,1,1,0.778299077,1,0.824977482,2,3,1,2,"(0.37657870775610641, 0.62342129224389353)","{'neg': 0.0, 'neu': 1.0, 'pos': 0.0, 'compound': 0.0}",0.376671982,0.623328018,0,1,0,0,,1,,FALSE,TRUE,FALSE,
51546,72833,ID708147289114587136,Donald Trump,3/10/2016 23:27,Los Angeles,none,"RT @jonahray: You gotta hand it to Trump, he's got Kampfidence. #GOPDebate",1,1,1,1,3,0.995842081,1,0.79088389,1,0.76398036,2,3,1,3,"(0.4333924753994613, 0.56660752460053831)","{'neg': 0.0, 'neu': 0.652, 'pos': 0.348, 'compound': 0.4939}",0.433451713,0.566548287,0.314,0.686,0,0.4939,,1,,FALSE,TRUE,FALSE,
51635,72922,ID708164345532788736,Donald Trump,3/11/2016 0:35,"Toronto, Ontario",none,"""Trump, Republicans make plea for unity at #GOPdebate https://t.co/Hpe1Jw8xtz https://t.co/I9Mt1S3OdX""https://t.co/psfIHORkyK",3,3,3,1,1,1,1,0.901962908,1,0.802377302,3,1,1,1,"(0.18107764238548119, 0.81892235761451904)","{'neg': 0.0, 'neu': 1.0, 'pos': 0.0, 'compound': 0.0}",0.181113912,0.818886088,0,1,0,0,,3,,FALSE,FALSE,FALSE,
52328,73616,ID708151093075685378,Ted Cruz,3/10/2016 23:42,"Maryland, USA",Eastern Time (US & Canada),RT @catblackfrazier: CRUZ: The fewer bureaucrats the more prosperity. I know who the bureaucrats in DC are. I will find them and I will fir,3,3,2,1,1,0.998988549,1,0.850862948,1,0.83142727,3,1,1,2,"(0.43881752448507849, 0.56118247551492118)","{'neg': 0.0, 'neu': 1.0, 'pos': 0.0, 'compound': 0.0}",0.438104686,0.561895314,0,1,0,0,retweet + quote sentiment case,3,,FALSE,FALSE,FALSE,
52422,73710,ID708308279231840256,Donald Trump,3/11/2016 10:07,null,none,RT @JesseLehrich: Wait this is an actual quote from Trump praising the Chinese for the Tiananmen Square massacre. #GOPDebate https://t.co/R,1,1,1,1,1,0.999999919,1,0.867340164,1,0.843038335,3,1,1,2,"(0.18215377415062325, 0.81784622584937583)","{'neg': 0.0, 'neu': 0.72, 'pos': 0.28, 'compound': 0.5423}",0.182515423,0.817484577,0.259,0.741,0,0.5423,,1,,TRUE,TRUE,FALSE,
52469,73757,ID708155277820858369,Ted Cruz,3/10/2016 23:59,null,none,RT @KLSouth: Devastating video of #Cruz. Was he lying then ..or lying now? The 14th Amendment from 2011 to 2015. https://t.co/UZQCXEnEBr  #,1,1,1,1,1,1,1,0.949944624,1,0.829430031,3,1,1,1,"(0.03869008199571649, 0.96130991800428245)","{'neg': 0.689, 'neu': 0.311, 'pos': 0.0, 'compound': -0.9022}",0.038711712,0.961288288,0,0.351,0.649,-0.9022,,1,,TRUE,TRUE,TRUE,
53180,74469,ID708166740149084161,Donald Trump,3/11/2016 0:44,null,Pacific Time (US & Canada),"RT @loudobbsnews: Trump handled the rally q well, and put the whole ""pledge"" issue in context and called Today Show's handling of it a ""dis",3,3,3,1,3,1,1,0.792543275,1,0.817629993,2,3,1,2,"(0.15882203848550158, 0.8411779615144982)","{'neg': 0.0, 'neu': 0.861, 'pos': 0.139, 'compound': 0.2732}",0.158794228,0.841205772,0.13,0.87,0,0.2732,,3,,TRUE,FALSE,FALSE,
53875,75165,ID708156480520720384,Ted Cruz,3/11/2016 0:03,North America,Eastern Time (US & Canada),RT @Rockprincess818: Cruz is now giving a stump speech and plugging his website... Lmfao #GOPDebate,1,1,1,1,3,1,1,0.809752343,1,0.712162526,2,3,1,3,"(0.69104110232415428, 0.30895889767584556)","{'neg': 0.0, 'neu': 0.543, 'pos': 0.457, 'compound': 0.7096}",0.691260366,0.308739634,0.424,0.576,0,0.7096,,1,,FALSE,TRUE,FALSE,
56095,77387,ID708145153010061313,Donald Trump,3/10/2016 23:18,null,none,"RT @FoxNews: Trump: ""We should pay our respects to the police because they are taking tremendous abuse... & they do a phenomenal job."" #GOP",3,3,2,1,3,0.650126239,1,0.861012371,1,0.799435835,2,1,1,2,"(0.62932391041698499, 0.37067608958301723)","{'neg': 0.352, 'neu': 0.503, 'pos': 0.145, 'compound': -0.5106}",0.629394125,0.370605875,0.136,0.533,0.331,-0.5106,retweet + quote sentiment case,3,,FALSE,FALSE,FALSE,
56589,77881,ID708144837510430720,Donald Trump,3/10/2016 23:17,null,none,"RT @LindaSuhler: Trump:  ""I don't want anybody to control me but the people out THERE."" Indicating us, America.  #GOPDebate #Trump2016",3,3,3,1,3,1,1,0.866076615,1,0.792368148,2,3,1,1,"(0.31130727392830954, 0.68869272607169074)","{'neg': 0.12, 'neu': 0.88, 'pos': 0.0, 'compound': -0.0572}",0.311248418,0.688751582,0,0.891,0.109,-0.0572,,3,,TRUE,FALSE,FALSE,
56606,77898,ID708363434577010689,Donald Trump,3/11/2016 13:46,Delaware County Upstate NY USA,Eastern Time (US & Canada),RT @VeraMBergen: Trump is seeming a little (dare I say it?) low energy tonight. #GOPDebate,2,2,1,1,1,1,1,0.871798881,1,0.824977482,3,1,1,1,"(0.10397490951478068, 0.89602509048521917)","{'neg': 0.168, 'neu': 0.64, 'pos': 0.192, 'compound': 0.0679}",0.103951866,0.896048134,0.176,0.67,0.154,0.0679,ok with negative,2,1,FALSE,FALSE,FALSE,
57426,78719,ID708157119711674368,Donald Trump,3/11/2016 0:06,null,none,RT @genophilia: Trump just said he wants to suspend the H1B visas for 1 - 2 years. Great answer. Will benefit American STEM grads. #TrumpTr,3,3,3,1,3,0.999996361,1,0.758400251,1,0.747031658,2,3,1,2,"(0.19196318234825516, 0.80803681765174462)","{'neg': 0.113, 'neu': 0.539, 'pos': 0.348, 'compound': 0.7003}",0.191716559,0.808283441,0.332,0.561,0.107,0.7003,,3,,TRUE,FALSE,FALSE,
57904,79198,ID708141167657902080,Donald Trump,3/10/2016 23:03,null,none,"RT @FoxNews: Trump: ""I used to think Merkel was a great leader until she did what she did to Germany. Germany is a disaster right now."" #GO",2,2,2,1,1,0.999999999,1,0.782228855,3,0.504514713,2,1,1,3,"(0.74911004913339996, 0.25088995086659782)","{'neg': 0.225, 'neu': 0.549, 'pos': 0.225, 'compound': 0.0}",0.749196581,0.250803419,0.214,0.573,0.214,0,,2,1,FALSE,FALSE,FALSE,disaster (toss)
58050,79344,ID708258529350688769,Donald Trump,3/11/2016 6:49,Florida,none,"RT @CNN: Donald Trump: ""I thought it was a very elegant debate,"" and ""very substantive"" #GOPDebate https://t.co/z7cwpAy0PN https://t.co/CDL",3,3,3,1,1,0.99998501,1,0.793823156,1,0.777607139,3,1,1,3,"(0.29370802035272264, 0.70629197964727852)","{'neg': 0.0, 'neu': 0.659, 'pos': 0.341, 'compound': 0.4767}",0.293992977,0.706007023,0.307,0.693,0,0.4767,,3,,FALSE,FALSE,TRUE,
58981,80276,ID708145950628286465,Donald Trump,3/10/2016 23:22,"Fort Collins, CO",none,"RT @loudobbsnews: Trump proved he can be constrained for two hours, calm despite provocation  Great work, great close. Great Job. #Dobbs #G",3,3,3,3,3,1,3,0.69118128,3,0.75207258,3,3,3,2,"(0.64619339075511262, 0.35380660924488644)","{'neg': 0.478, 'neu': 0.424, 'pos': 0.098, 'compound': -0.8394}",0.712202031,0.287797969,0.094,0.447,0.459,-0.8394,,3,,TRUE,TRUE,FALSE,
59061,80356,ID708142627892252672,Donald Trump,3/10/2016 23:08,Texas,Mountain Time (US & Canada),"RT @thedailybeast: Hi, @jaketapper @cnn, why didn't you ask about Trump's campaign manager assaulting a female reporter? https://t.co/6LMZQ",1,1,1,1,1,1,1,0.906050319,1,0.881930344,3,1,1,1,"(0.011931942469830745, 0.98806805753016913)","{'neg': 0.292, 'neu': 0.708, 'pos': 0.0, 'compound': -0.5106}",0.0119283,0.9880717,0,0.732,0.268,-0.5106,,1,,TRUE,TRUE,TRUE,
59636,80931,ID708303603992121344,Donald Trump,3/11/2016 9:48,florida,Quito,"RT @markmobility: While Trump says Muslims hate America, @IslamicRelief has been providing aid in the #FlintWaterCrisis #GOPDebate https://",1,1,1,1,1,1,1,0.866740335,1,0.83183755,3,1,1,1,"(0.32908285700940398, 0.67091714299059613)","{'neg': 0.291, 'neu': 0.709, 'pos': 0.0, 'compound': -0.5719}",0.32895707,0.67104293,0,0.73,0.27,-0.5719,,1,,TRUE,TRUE,TRUE,
63833,85133,ID708140897309884417,Donald Trump,3/10/2016 23:02,null,none,RT @MirageRanch: Trump is the only one with YUGE crowds. I'd kick out protestors too. They are plants that shouldn't even be there. #GOPDeb,3,3,3,1,1,1,1,0.919208456,1,0.856278764,3,1,1,1,"(0.092055280806646086, 0.90794471919335462)","{'neg': 0.0, 'neu': 1.0, 'pos': 0.0, 'compound': 0.0}",0.092050106,0.907949894,0,1,0,0,,3,,FALSE,FALSE,FALSE,
64286,85586,ID708333504971407361,Donald Trump,3/11/2016 11:47,"Orange, CA",Pacific Time (US & Canada),"RT @AnnTelnaes: Trump: ""There's great love for this country"" #GOPDebate https://t.co/1xmNnTGULr",3,3,2,3,3,1,3,0.582735641,3,0.793757007,3,3,3,3,"(0.75791587196935017, 0.2420841280306496)","{'neg': 0.0, 'neu': 0.325, 'pos': 0.675, 'compound': 0.8519}",0.758089271,0.241910729,0.624,0.376,0,0.8519,3 isn't a bad guess,3,,TRUE,TRUE,TRUE,
64838,86139,ID708175149988651008,Ted Cruz,3/11/2016 1:18,null,Central Time (US & Canada),TRUE? #Cruz turns down FEC on campaign-loan disclosure https://t.co/IdhQb4PxtU  #tcot #ccot #tlot #PJNET #TDGN #RedNationRising #GOPDebate,1,1,1,1,3,1,1,0.750922491,1,0.606306922,2,3,1,3,"(0.62085629635384032, 0.37914370364615885)","{'neg': 0.0, 'neu': 0.797, 'pos': 0.203, 'compound': 0.4215}",0.621075158,0.378924842,0.203,0.797,0,0.4215,,1,,FALSE,TRUE,FALSE,
,,,,,,,,,,,,,,,,,,,,,,,,,,,,,,,,,,,,
,,,,,,,,,,,,,,,,,,,,,,,,,,,,,,,,,,,,
,,,,,,,,,,,,,,,,,,,,,,,,,,,,,,,,,65,60,45,
